Account,Compound,Date,Negative,Neutral,Positive,Text,Tweets Ago
@BBC,0.0,Wed Jul 11 20:39:03 +0000 2018,0.0,1.0,0.0,"It‚Äôs not coming home. üíî

But it's been an incredible journey. ‚ô•Ô∏è

https://t.co/TrqeqzfTUq  #ENG #WorldCup‚Ä¶ https://t.co/nCoN5lDJys",1
@BBC,0.0,Wed Jul 11 20:23:23 +0000 2018,0.0,1.0,0.0,"RT @BBCSport: GOAL

Mario Mandzukic drills Croatia in front.

#CRO 2-1 #ENG 

LIVE:
üì± https://t.co/C5GtYW7jpj 
üìª @5liveSport 

#ENGCRO #Wor‚Ä¶",2
@BBC,-0.1027,Wed Jul 11 20:03:46 +0000 2018,0.076,0.924,0.0,"RT @BBCSport: Extra-time it is... and we're underway...

How are your nerves?

#CRO 1-1 #ENG 

LIVE:
üì± https://t.co/C5GtYW7jpj 
üìª @5liveSpo‚Ä¶",3
@BBC,0.3612,Wed Jul 11 19:52:13 +0000 2018,0.0,0.865,0.135,"Full time: #CRO 1-1 #ENG 

Who's ready for another 30 minutes?

Follow it live: 
üì± https://t.co/TrqeqzfTUq  
üìª‚Ä¶ https://t.co/CuPZrrxFEW",4
@BBC,-0.296,Wed Jul 11 19:49:56 +0000 2018,0.306,0.694,0.0,RT @BBCBreakfast: No fingernails left... https://t.co/E4oE20owSY,5
@BBC,0.0,Wed Jul 11 19:27:11 +0000 2018,0.0,1.0,0.0,"RT @BBCSport: GOAL 

#CRO 1-1 #ENG 

Ivan Perisic meets a cross to flick Croatia level.

LIVE:
üì± https://t.co/C5GtYW7jpj 
üìª @5liveSport htt‚Ä¶",6
@BBC,-0.0191,Wed Jul 11 19:20:29 +0000 2018,0.056,0.944,0.0,"It doesn't matter where you're watching, as long as you're watching. ‚öΩÔ∏è‚öΩÔ∏è‚öΩÔ∏è

Millions of #ENG fans are watching‚Ä¶ https://t.co/geST9JHDr4",7
@BBC,0.0,Wed Jul 11 19:16:46 +0000 2018,0.0,1.0,0.0,"RT @5liveSport: Only three men have ever scored for #ENG in a semi-final of a #WorldCup

‚öΩ Sir Bobby Charlton
‚öΩ @GaryLineker
‚öΩ Kieran Tripp‚Ä¶",8
@BBC,0.6705,Wed Jul 11 19:02:33 +0000 2018,0.0,0.776,0.224,"RT @BBCOne: We‚Äôre pretty sure that exactly 53% of the population is covered in beer right now ü§îü§ó #ENGCRO #WorldCup

https://t.co/l5UTbo9n7x",9
@BBC,0.3182,Wed Jul 11 19:02:02 +0000 2018,0.0,0.874,0.126,A gripping reimagining of Joan Lindsay's iconic novel that delves into the mysterious disappearances of three schoo‚Ä¶ https://t.co/d4nPoQXIYJ,10
@BBC,0.0,Wed Jul 11 18:50:03 +0000 2018,0.0,1.0,0.0,"Half time in Moscow. 

#CRO 0-1 #ENG
Ôøº
Follow:

üì± https://t.co/5KN3TtJ2Zz  
üìª @5livesport

#ENGCRO #WorldCup https://t.co/TVSyyaX8dl",11
@BBC,0.0,Wed Jul 11 18:06:07 +0000 2018,0.0,1.0,0.0,"RT @BBCSport: GOAL!

What a start! What a goal!

Kieran Trippier whips a free-kick right in! 

#CRO 0-1 #ENG 

LIVE: 
üì± https://t.co/C5GtYW‚Ä¶",12
@BBC,0.0,Wed Jul 11 18:00:11 +0000 2018,0.0,1.0,0.0,"It's time. ‚öΩÔ∏è

#ENGCRO #worldcup #bbcworldcup https://t.co/A0zRUx5CVK",13
@BBC,0.0,Wed Jul 11 17:57:05 +0000 2018,0.0,1.0,0.0,"Prince Harry knows... #ItsComingHome Ô∏è‚öΩÔ∏è‚û°Ô∏èüè†

#ENGCRO #ENG #WorldCup #ThreeLions 

https://t.co/ouBlfHLWry",14
@BBC,0.0,Wed Jul 11 17:01:04 +0000 2018,0.0,1.0,0.0,"The @BBCEastenders prediction for tonight's #WorldCup semi-final? 

""Ta-ta Croatia!"" üëãüòÇ @MrDDyer

#ThreeLions‚Ä¶ https://t.co/wRv1AlP9s6",15
@BBC,0.0,Wed Jul 11 16:01:05 +0000 2018,0.0,1.0,0.0,"What's that David Attenborough... it's coming home? üè¥Û†ÅßÛ†Å¢Û†Å•Û†ÅÆÛ†ÅßÛ†ÅøÔ∏è‚öΩÔ∏èüèÜüòÜ

üîä Turn your sound on!  üîä

#WorldCup #ThreeLions‚Ä¶ https://t.co/fkYYIqg2fO",16
@BBC,0.0,Wed Jul 11 13:03:06 +0000 2018,0.0,1.0,0.0,The National Gallery has acquired its first work by a woman for 27 years. üñå https://t.co/WkCtpvqKtN https://t.co/NZRjCCw3z5,17
@BBC,0.5994,Wed Jul 11 11:32:03 +0000 2018,0.0,0.692,0.308,"The last time #ENG played a #WorldCup Semi Final, @bbceastenders looked like this... https://t.co/JeYtBettzm",18
@BBC,0.3612,Wed Jul 11 11:02:02 +0000 2018,0.0,0.884,0.116,"ü§î Game Boys, Vanilla Ice and a new TV programme called 'The Simpsons'... 

This is what #England looked like last t‚Ä¶ https://t.co/YTCXpNJvqb",19
@BBC,0.0,Wed Jul 11 09:53:20 +0000 2018,0.0,1.0,0.0,"RT @BBCSport: Just hold on...it's coming home.

#WorldCup #ThreeLions https://t.co/TCTpYhNV1s",20
@BBC,0.5719,Wed Jul 11 09:32:05 +0000 2018,0.0,0.829,0.171,"This will give you goosebumps. 

The last time England won a #WorldCup semi-final it was a 2-1 victory over Portuga‚Ä¶ https://t.co/2gRGni9S3y",21
@BBC,-0.2732,Wed Jul 11 09:04:05 +0000 2018,0.095,0.905,0.0,"In this city, a six-figure salary is considered 'low income' and not enough for a family of four to get by on.‚Ä¶ https://t.co/1qyDWTPSrG",22
@BBC,0.5859,Wed Jul 11 08:00:00 +0000 2018,0.0,0.798,0.202,"#BluePlanet2 ‚úÖ 
That unforgettable concert ‚úÖ 
Brilliant Bedtime Stories ‚úÖ
A new Doctor ‚úÖ
and so much more. Here are‚Ä¶ https://t.co/ZVSKIHOXDk",23
@BBC,0.5018,Wed Jul 11 07:39:04 +0000 2018,0.0,0.755,0.245,"RT @BBCSport: More of this please! üòä

#ENGCRO #ENG #ThreeLions #bbcworldcup https://t.co/706Vsdfy2Y",24
@BBC,-0.8402,Wed Jul 11 07:33:03 +0000 2018,0.429,0.571,0.0,"üíà‚öΩÔ∏èüôåüèæ Dead trims, missed penalties, 30 yard screamers, calling players out, football coming home...‚Ä¶ https://t.co/ZrrQJ1Qn9h",25
@BBC,0.0,Wed Jul 11 07:03:05 +0000 2018,0.0,1.0,0.0,"üå°üî•‚òÄÔ∏è This one goes out to all the gingers braving the sun today... 

https://t.co/4Ed3y2Xp0f",26
@BBC,0.0,Tue Jul 10 20:02:05 +0000 2018,0.0,1.0,0.0,"The heatwave has unveiled ancient hillforts and Roman settlements in Wales. üëâ
 https://t.co/L1VdHWkMP7 https://t.co/luXjJV5v3Y",27
@BBC,0.0,Tue Jul 10 19:04:02 +0000 2018,0.0,1.0,0.0,"Take a look at the rollercoaster years at Nokia, a company that dominated a nation. 

The Rise and Fall of Nokia |‚Ä¶ https://t.co/7uflzUaeTj",28
@BBC,0.8625,Tue Jul 10 18:04:04 +0000 2018,0.0,0.556,0.444,"Can you feel richer by giving your money away? üí∏ This lottery winner thinks so.

https://t.co/BgKlrEfssV",29
@BBC,0.7717,Tue Jul 10 17:31:05 +0000 2018,0.0,0.676,0.324,"'I wanted to live inside you like a parasite'. 

A letter to my first love üíåüëâ https://t.co/batgnuHRoi https://t.co/G0kGuLzHqU",30
@BBC,-0.8338,Tue Jul 10 15:32:02 +0000 2018,0.34,0.593,0.066,"üôÖNo one likes making mistakes, but messing up isn‚Äôt always a bad thing.

Here are six reasons why making mistakes c‚Ä¶ https://t.co/N7jMLZKLcE",31
@BBC,0.7269,Tue Jul 10 15:14:38 +0000 2018,0.0,0.711,0.289,"RT @bbctennis: Serena Williams has some pretty big names supporting her.

Oh hey, @Drake 

LIVEüëâhttps://t.co/RIpcahMeKm
üì∫ @BBCOne 
#bbctenn‚Ä¶",32
@BBC,0.6763,Tue Jul 10 13:01:05 +0000 2018,0.079,0.68,0.242,"No one does strawberries like we do in Britain! üçìüá¨üáßüç¶

Now they're in season, make the most of these delicious straw‚Ä¶ https://t.co/QKdHxenZNu",33
@BBC,0.4939,Tue Jul 10 12:18:03 +0000 2018,0.0,0.868,0.132,'Everyone safe': all 12 members of a Thai youth football team and their coach have been brought safely out of the c‚Ä¶ https://t.co/c5bzSFM2ND,34
@BBC,0.0,Tue Jul 10 12:03:04 +0000 2018,0.0,1.0,0.0,"Neelam and Dinesh‚Äôs son Akash took his own life three years ago. 

Now they‚Äôre trying to get the British Asian comm‚Ä¶ https://t.co/pX5ZIH2mj3",35
@BBC,0.4588,Tue Jul 10 11:33:00 +0000 2018,0.073,0.769,0.158,"Ever found something weird and wonderful on a British beach? 

@BBCFOUR will be LIVE from the Jurassic Coast next w‚Ä¶ https://t.co/CY4ej7SjQh",36
@BBC,-0.5632,Tue Jul 10 11:04:01 +0000 2018,0.188,0.812,0.0,"Have you ever seen a baby puffin? üê£

Experts worry we may not get the chance in the future if Scotland‚Äôs puffin pop‚Ä¶ https://t.co/uRKs7VXQMv",37
@BBC,0.0,Tue Jul 10 09:17:05 +0000 2018,0.0,1.0,0.0,RT @bbcweather: Remember to look up around 1pm today if you're in London / SE / Suffolk / Colchester / Chelmsford for the @RoyalAirForce #R‚Ä¶,38
@BBC,0.3612,Tue Jul 10 09:06:27 +0000 2018,0.0,0.884,0.116,"RT @BBCOne: ‚ÄúI felt like a piece of meat at a meat market‚Äù.

@BBCPanorama investigates President Donald Trump.

Tonight | 8.30pm | BBC One‚Ä¶",39
@BBC,0.8402,Tue Jul 10 08:59:10 +0000 2018,0.0,0.5,0.5,RT @BBCNews: Cave rescue: Divers ready to save remaining five Thais https://t.co/ed7GteDLor,40
@BBC,0.0,Tue Jul 10 08:56:04 +0000 2018,0.0,1.0,0.0,"RT @bbcweather: London's sunset last night, photographed by Funda Cizgenakad. Jo https://t.co/gijPHaWMpa",41
@BBC,0.4939,Tue Jul 10 08:55:48 +0000 2018,0.0,0.856,0.144,"RT @BBCSport: We have some exciting news...

@andy_murray will be joining the BBC commentary team this week at @Wimbledon 

üëâ https://t.co/‚Ä¶",42
@BBC,0.0,Tue Jul 10 08:05:02 +0000 2018,0.0,1.0,0.0,"Sue has looked after lots of orphaned wombats before, but Stacy is a real handful! üò≥

https://t.co/JCFTLP1Xjg",43
@BBC,0.5719,Tue Jul 10 07:29:03 +0000 2018,0.0,0.829,0.171,"Today, @sophieraworth presents live coverage of events to celebrate 100 years of aviation and endeavour in the Roya‚Ä¶ https://t.co/l0Of2zTYaH",44
@BBC,0.6369,Mon Jul 09 20:02:05 +0000 2018,0.0,0.833,0.167,"The greatest ice skater of all time, John Curry transformed a dated sport into an art form and made history by beco‚Ä¶ https://t.co/rKqQzp8Gv5",45
@BBC,0.5994,Mon Jul 09 19:02:06 +0000 2018,0.0,0.818,0.182,"‚ÄúI want to tell you honey you are the hero in my heart‚Äù

Saman Gunan's wife and father tell @BBCWorld about the man‚Ä¶ https://t.co/axL8XkMgc0",46
@BBC,0.4767,Mon Jul 09 18:02:03 +0000 2018,0.0,0.78,0.22,"That time David Attenborough made friends with a baby rhino. üò≠‚ù§Ô∏èÔ∏èü¶è #Africa 

https://t.co/Z5F0jaNk57",47
@BBC,0.6705,Mon Jul 09 17:32:03 +0000 2018,0.085,0.656,0.259,"A 'dogumentary' like no other, discover the world of the Mucky Pups luxury dog spa. üíÖüê©

Puppy Love | 7:30pm |‚Ä¶ https://t.co/EJYSH7Ckpm",48
@BBC,0.9403,Mon Jul 09 16:04:04 +0000 2018,0.0,0.505,0.495,"Although they're great fun, they're not always great for the environment... 

Here's how to go to a festival withou‚Ä¶ https://t.co/tvnMfnCrlL",49
@BBC,0.0,Mon Jul 09 15:51:05 +0000 2018,0.0,1.0,0.0,"RT @BBCBreaking: Prince Louis arrives for his christening service at the Chapel Royal, St James's Palace

https://t.co/TGe9Ld5mpM https://t‚Ä¶",50
@BBC,0.8268,Mon Jul 09 15:20:14 +0000 2018,0.0,0.675,0.325,"RT @BBCRadio2: Happy International Town Criers' Day! Watch @chestercrier teach @ed_miliband how to do the perfect ""oyez""  üó£ https://t.co/Ha‚Ä¶",51
@BBC,0.8221,Mon Jul 09 14:29:05 +0000 2018,0.0,0.664,0.336,"""Can I drum?‚Äù ü•Åü§∑‚Äç‚ôÇÔ∏è

This is the amazing moment when @thekillers let a fan join them on stage at @TRNSMTfest! üôå‚Ä¶ https://t.co/6DnHpaJxer",52
@BBC,-0.5423,Mon Jul 09 14:23:06 +0000 2018,0.22,0.78,0.0,"RT @BBCBreaking: Boris Johnson resigns as UK Foreign Secretary, following the resignation of Brexit Secretary David Davis https://t.co/gFKn‚Ä¶",53
@BBC,0.4215,Mon Jul 09 14:17:04 +0000 2018,0.0,0.872,0.128,"Divers have rescued four more boys from the vast flooded cave system in northern Thailand.

Follow live updates her‚Ä¶ https://t.co/cuWPaHhVTW",54
@BBC,-0.4767,Mon Jul 09 13:03:05 +0000 2018,0.205,0.795,0.0,"Searching for the 'angel' who held me during the Westminster attack. 

https://t.co/Hgb96AhD1J https://t.co/SPXbsc6t1A",55
@BBC,0.6597,Mon Jul 09 12:18:40 +0000 2018,0.115,0.531,0.354,"RT @bbctennis: The number of Grand Slam singles titles won by today's Centre Court players.

üèÜüèÜüèÜüèÜüèÜüèÜüèÜüèÜüèÜüèÜüèÜüèÜüèÜüèÜüèÜüèÜüèÜüèÜüèÜüèÜüèÜüèÜüèÜüèÜüèÜüèÜüèÜüèÜüèÜüèÜüèÜüèÜüèÜüèÜüèÜüèÜüèÜüèÜüèÜüèÜüèÜüèÜüèÜüèÜüèÜüèÜ‚Ä¶",56
@BBC,0.0,Mon Jul 09 12:01:04 +0000 2018,0.0,1.0,0.0,"'I spread happiness': meet Irene, a yoga teacher who teaches in prisons. üßò

https://t.co/LkBRZK5BJe",57
@BBC,-0.5255,Mon Jul 09 11:03:02 +0000 2018,0.166,0.834,0.0,"What's wrong with the way we decorated?! üòÇüõÄüë∑

Couple find a 23-year-old hidden message while refurbishing their bat‚Ä¶ https://t.co/gfFrVjlZee",58
@BBC,0.0,Mon Jul 09 10:03:09 +0000 2018,0.0,1.0,0.0,Prince Louis will be christened later in a private ceremony in the Chapel Royal at St James's Palace. üë∂‚Ä¶ https://t.co/NOvYzzMN0F,59
@BBC,0.25,Mon Jul 09 08:51:27 +0000 2018,0.0,0.913,0.087,RT @BBCWorld: Cave divers in Thailand are poised to restart the high-risk operation to extract the remaining eight boys and their football‚Ä¶,60
@BBC,-0.6486,Mon Jul 09 08:51:21 +0000 2018,0.281,0.719,0.0,RT @BBCWorld: Japan floods: At least 100 dead in record rainfall https://t.co/SyQmfJ7R2J,61
@BBC,0.6597,Mon Jul 09 08:51:17 +0000 2018,0.0,0.795,0.205,"RT @bbcgetinspired: Way back when @England winning the #WorldCup was just a pipe dream, we caught up with Gareth Southgate to find out his‚Ä¶",62
@BBC,0.0,Mon Jul 09 08:51:06 +0000 2018,0.0,1.0,0.0,"RT @BBCArchive: #OnThisDay 2001: The Office was first broadcast, on @BBCTwo. https://t.co/TgfV8bNhy4",63
@BBC,0.5719,Mon Jul 09 08:03:05 +0000 2018,0.0,0.701,0.299,"What's it like living with OCD? These people share their experience. 
#TrustMeImADoctor https://t.co/Ed41awcqEM",64
@BBC,-0.0516,Mon Jul 09 07:27:05 +0000 2018,0.085,0.915,0.0,"'I didn‚Äôt leave the house for three months because of my anxiety.'
üëâ https://t.co/8q5C6bvqI7 https://t.co/qlAwtudj5E",65
@BBC,0.0,Mon Jul 09 07:00:09 +0000 2018,0.0,1.0,0.0,‚ö° This Korean entrepreneur has an idea that could revolutionise how power is generated. https://t.co/csjLDoyZoN,66
@BBC,0.4019,Sun Jul 08 21:07:05 +0000 2018,0.0,0.787,0.213,"Justin Bieber 'engaged to Hailey Baldwin', US media say. üëâ https://t.co/j8cKfq8AtD https://t.co/HkqnZAQJi4",67
@BBC,-0.6908,Sun Jul 08 20:52:12 +0000 2018,0.207,0.793,0.0,"RT @BBCBreaking: UK police launch murder inquiry after Dawn Sturgess, 44, dies after exposure to nerve agent Novichok https://t.co/adk3o7Sj‚Ä¶",68
@BBC,0.0,Sun Jul 08 20:05:00 +0000 2018,0.0,1.0,0.0,"‚úäüõçüõí This family have changed their shopping habits to reduce their plastic footprint.
#PlasticsAction https://t.co/RL3U1Vk7EN",69
@BBC,0.0,Sun Jul 08 19:04:02 +0000 2018,0.0,1.0,0.0,‚ù§Ô∏è This man is cleaning all 388 Holocaust plaques in his city. https://t.co/AfdxFBxxJ4,70
@BBC,-0.6908,Sun Jul 08 18:04:02 +0000 2018,0.439,0.561,0.0,'Did air pollution kill my daughter?' https://t.co/XzWSWFga6S,71
@BBC,0.5106,Sun Jul 08 17:32:05 +0000 2018,0.0,0.864,0.136,"The operation to free 12 boys and their coach from a cave in northern Thailand is running ""smoothly"", the head of t‚Ä¶ https://t.co/fbCN1JeN1K",72
@BBC,0.5994,Sun Jul 08 17:02:03 +0000 2018,0.0,0.794,0.206,"üé∂üéª‚ú® Tonight, @thekatiederham introduces 2018's open-air concert from the magnificent gardens of the Schonbrunn Pala‚Ä¶ https://t.co/AHAYPRtAJn",73
@BBC,0.0,Sun Jul 08 16:03:04 +0000 2018,0.0,1.0,0.0,"Look back at the 2008 #Wimbledon final between @rogerfederer and @RafaelNadal, widely acknowledged as one of the gr‚Ä¶ https://t.co/bNcdnjna2s",74
@BBC,0.0,Sun Jul 08 15:02:07 +0000 2018,0.0,1.0,0.0,"‚ö°Ô∏è This 15-year-old inventor is bringing cheap electricity to the developing world. 
(via @BBCThree) https://t.co/UWVzHhRs12",75
@BBC,-0.0258,Sun Jul 08 14:59:01 +0000 2018,0.114,0.774,0.111,"RT @BBCWorld: Nine boys and their coach will spend another night trapped in Thai cave, as rescue operation is paused for at least 10 hours‚Ä¶",76
@BBC,0.0,Sun Jul 08 14:02:01 +0000 2018,0.0,1.0,0.0,"üçÑ Increasingly, scientists are looking at whether some mind-altering drugs might also have the potential to be mind‚Ä¶ https://t.co/srd1w793nY",77
@BBC,0.4215,Sun Jul 08 13:08:43 +0000 2018,0.0,0.741,0.259,RT @BBCNews: First boys 'rescued from Thailand cave' https://t.co/86U00UcvHn,78
@BBC,0.5574,Sun Jul 08 13:03:02 +0000 2018,0.0,0.714,0.286,The remarkable Viking discovery on the Isle of Skye. https://t.co/QV4CIcIO9L,79
@BBC,0.5859,Sun Jul 08 12:06:07 +0000 2018,0.0,0.725,0.275,"""Y'alright love?""

üòÇ This crow has a Yorkshire accent and it's amazing. https://t.co/3J8BQGiZM7",80
@BBC,-0.2732,Sun Jul 08 11:03:07 +0000 2018,0.095,0.905,0.0,"Whether your whole household is vegetarian or you're just trying to cut down on your meat intake, everyone will lov‚Ä¶ https://t.co/mvwy1TIacc",81
@BBC,0.0,Sun Jul 08 10:02:04 +0000 2018,0.0,1.0,0.0,These little eels have travelled all the way from near the Bahamas to Scotland. https://t.co/P1oXYtSXD1,82
@BBC,-0.25,Sun Jul 08 09:03:05 +0000 2018,0.123,0.794,0.083,"üò≥üèù Still haunted by the image of Pierce Brosnan dancing in flippers? Well, he‚Äôs back. 

üé•üçø These are the nine films‚Ä¶ https://t.co/Xw6O9UYha4",83
@BBC,-0.1531,Sun Jul 08 08:12:23 +0000 2018,0.085,0.853,0.062,"RT @bbc5live: Just in case you missed this last night on @bbc5live 

28 years on from Italia 90, @chriswaddle93 gets emotional as England m‚Ä¶",84
@BBC,0.765,Sun Jul 08 08:12:10 +0000 2018,0.0,0.777,0.223,"RT @BBCWorld: Hang on boys, rescue is coming. üêóüáπüá≠

The mission to rescue 12 boys and football coach from a cave in Thailand has begun - and‚Ä¶",85
@BBC,0.0,Sun Jul 08 08:12:00 +0000 2018,0.0,1.0,0.0,"RT @BBCFood: 7 recipes for all the gluten-free people deciding what to have to breakfast ü§∑‚Äç‚ôÄ
https://t.co/vP56pf2KB1 https://t.co/zwNCvt0kKr",86
@BBC,0.826,Sun Jul 08 08:11:54 +0000 2018,0.0,0.566,0.434,RT @BBCBreakfast: Everyone needs this delicious dose of doggy cuteness üòçüòç https://t.co/Bq4AebzsRy,87
@BBC,-0.802,Sun Jul 08 08:11:03 +0000 2018,0.324,0.676,0.0,RT @BBCNewsNI: Motorcycle racer William Dunlop killed in a crash at the Skerries 100 road races https://t.co/6m5CFDY1Jp https://t.co/53B15j‚Ä¶,88
@BBC,0.6696,Sun Jul 08 08:02:03 +0000 2018,0.0,0.572,0.428,üòçüèù Paradise is on our doorstep!  https://t.co/BWrCJcIzHl,89
@BBC,0.0,Sat Jul 07 19:09:04 +0000 2018,0.0,1.0,0.0,'You don't look autistic' and other things not to say to people with autism. https://t.co/1GQS1Icvms,90
@BBC,0.3818,Sat Jul 07 18:05:03 +0000 2018,0.0,0.852,0.148,"A South African woman is recovering in hospital after being discovered alive in a mortuary fridge.
üëâ‚Ä¶ https://t.co/IhrhDG1W2A",91
@BBC,-0.6908,Sat Jul 07 17:05:04 +0000 2018,0.388,0.612,0.0,The women paid to cry at the funerals of strangers. https://t.co/oF6wA0ecwI,92
@BBC,0.0,Sat Jul 07 16:03:07 +0000 2018,0.0,1.0,0.0,These are the nine TV shows you NEED to watch in July. ‚òÄÔ∏èüì∫üå° https://t.co/p1pIcjGKap https://t.co/QCXpJOUav1,93
@BBC,0.0,Sat Jul 07 16:01:37 +0000 2018,0.0,1.0,0.0,"What a moment! Ô∏è‚öΩÔ∏èüëè

England are into the #WorldCup semi-finals for the first time since 1990. üëâ‚Ä¶ https://t.co/jCgcFi9kjg",94
@BBC,0.0,Sat Jul 07 15:55:59 +0000 2018,0.0,1.0,0.0,RT @BBCSport: Hey Zlatan... you owe David Beckham dinner! üòâ #ENGSWE #bbcworldcup #ThreeLions https://t.co/Kf8auWDumI,95
@BBC,0.2462,Sat Jul 07 15:55:41 +0000 2018,0.0,0.914,0.086,"RT @BBCSport: THEY'VE DONE IT!

England have reached a #WorldCup semi-final for the first time since 1990!

FT: #SWE 0-2 #ENG 

Reaction:
üì∫‚Ä¶",96
@BBC,0.4019,Sat Jul 07 15:08:04 +0000 2018,0.0,0.787,0.213,üñº How can virtual reality help visually impaired people 'see' art? https://t.co/9Ry7wblTsn,97
@BBC,0.0,Sat Jul 07 13:57:03 +0000 2018,0.0,1.0,0.0,"BREAKING: News just in on the #Poldark set... 

#ENGSWE #ENG #WorldCup 

https://t.co/SXiXO99gi4",98
@BBC,0.694,Sat Jul 07 13:14:05 +0000 2018,0.0,0.597,0.403,üòçüñº 10-year-old Kareem is an OUTSTANDING artist. https://t.co/Ip4X0w1dpc,99
@BBC,0.0,Sat Jul 07 12:51:07 +0000 2018,0.0,1.0,0.0,"Can the #ThreeLions go one step further? Today England face Sweden in the #WorldCup quarter-finals. #ENGSWE

Englan‚Ä¶ https://t.co/z7uo1UoVvR",100
@CBS,0.6514,Thu Jul 12 01:01:24 +0000 2018,0.0,0.718,0.282,RT @TKOCBS: Prepare to have some major FUN. #TKO starts NOW! https://t.co/i2ftL6GCj5,1
@CBS,0.5562,Wed Jul 11 21:44:45 +0000 2018,0.0,0.826,0.174,"It‚Äôs fun, different, unique, and finally here! @TKOCBS hosted by @KevinHart4real premieres at 9/8c on CBS and‚Ä¶ https://t.co/MCeVLVK85i",2
@CBS,0.5411,Wed Jul 11 19:09:34 +0000 2018,0.0,0.857,0.143,"RT @MagnumPICBS: Talk about hands-on research! #MagnumPI's cast had the honor of joining the US Navy Submarine Force, US Pacific Fleet #Sub‚Ä¶",3
@CBS,0.0,Mon Jul 09 23:55:07 +0000 2018,0.0,1.0,0.0,Time to mark your calendars! CBS' fall 2018 premiere lineup has been announced: https://t.co/yYv3H9aEO7 https://t.co/lRxAA7suie,4
@CBS,-0.3818,Mon Jul 09 18:53:34 +0000 2018,0.106,0.894,0.0,"RT @TKOCBS: The Ball Buster, the Frisboom, the Spike Launcher, and the Slammer‚Ä¶ Get to know all of the #TKO Battle Stations: https://t.co/2‚Ä¶",5
@CBS,0.3182,Mon Jul 09 18:09:00 +0000 2018,0.0,0.897,0.103,"RT @cbsallaccess: How much does it cost to bury the truth? #OneDollar premieres August 30, exclusively on CBS All Access. https://t.co/2HdY‚Ä¶",6
@CBS,0.4019,Fri Jul 06 22:22:55 +0000 2018,0.0,0.847,0.153,"RT @SalvationCBS: Mark your calendars, #Salvies: Monday's new #SalvationCBS will air at a special time, 10/9c. https://t.co/RUh1J7cfj8",7
@CBS,0.7777,Fri Jul 06 18:26:37 +0000 2018,0.0,0.657,0.343,Happy #InternationalKissingDay! See which stars we caught locking lips on the CBS Kiss Cam. üòò https://t.co/oMPCHZlgCl,8
@CBS,0.3612,Thu Jul 05 21:12:17 +0000 2018,0.0,0.898,0.102,Have you heard? Tonight's the first Live Show of #BB20. Grab a seat and get ready to watch the action unfold on CBS‚Ä¶ https://t.co/0YgRV1HLGd,9
@CBS,0.3182,Mon Jul 02 21:13:11 +0000 2018,0.0,0.892,0.108,"How much does it cost to bury the truth? #OneDollar premieres Thursday, August 30, exclusively on CBS All Access.‚Ä¶ https://t.co/1tab8eCaFz",10
@CBS,0.0,Mon Jul 02 20:47:32 +0000 2018,0.0,1.0,0.0,Take a first look at our @Comic_Con lineup along with details of what you can expect to see:‚Ä¶ https://t.co/JqBtlKcwq3,11
@CBS,0.0,Mon Jul 02 17:27:06 +0000 2018,0.0,1.0,0.0,RT @TrueCrimeCBS: Two new true-crime series are set to premiere this July on CBS! Learn more about #Whistleblower and #PinkCollarCrimes bef‚Ä¶,12
@CBS,0.5411,Mon Jul 02 17:00:02 +0000 2018,0.0,0.741,0.259,"If at first you don‚Äôt succeed on @PriceIsRight‚Ä¶bid, bid again! https://t.co/OWBaOsFZ3i",13
@CBS,0.0,Wed Jun 27 20:31:32 +0000 2018,0.0,1.0,0.0,What‚Äôs summer without @CBSBigBrother? ‚òÄÔ∏è RT if you‚Äôre counting down the hours to the #BB20 premiere TONIGHT at 8/7c‚Ä¶ https://t.co/Xp1s4Fp5J8,14
@CBS,0.7574,Wed Jun 27 14:00:01 +0000 2018,0.0,0.711,0.289,"It looks like you...

(‚Ä¢_‚Ä¢)
( ‚Ä¢_‚Ä¢)&gt;‚åê‚ñ†-‚ñ†
(‚åê‚ñ†_‚ñ†)

Have a lot of TV to watch!

Celebrate #NationalSunglassesDay with H‚Ä¶ https://t.co/Babt4ajIgV",15
@CBS,0.5574,Mon Jun 25 18:20:25 +0000 2018,0.0,0.796,0.204,The world will finally know the truth. ‚òÑÔ∏è Make sure to tune in to the heart-pounding Season 2 premiere of‚Ä¶ https://t.co/mqMleW90DY,16
@CBS,0.1867,Fri Jun 22 21:19:06 +0000 2018,0.0,0.902,0.098,Tonight's the night! Don't miss model @ashleygraham on the season finale of Celebrity @undercover_cbs at 8/7c. https://t.co/iBxAOcOF7a,17
@CBS,0.4199,Fri Jun 22 18:33:53 +0000 2018,0.0,0.811,0.189,"Every day is #TakeYourDogToWorkDay for shows like @HawaiiFive0CBS, @MomCBS, @SEALTeamCBS, and @bigbangtheory! https://t.co/DJaOt1VQcw",18
@CBS,0.4926,Thu Jun 21 23:29:50 +0000 2018,0.0,0.758,0.242,"Lights, camera, selfie! üì∏¬†Could there be a better photo for #NationalSelfieDay? https://t.co/14Ewx64yKC",19
@CBS,0.3555,Wed Jun 20 00:39:01 +0000 2018,0.136,0.642,0.222,There‚Äôs nothing quite like watching a contestant win a brand new car on @PriceIsRight. üëè  https://t.co/aKlFikYAMM,20
@CBS,0.0,Mon Jun 18 20:27:50 +0000 2018,0.0,1.0,0.0,Time to make your predictions for #BB20! üëè Get to know the @CBSBigBrother Houseguests before the big premiere next‚Ä¶ https://t.co/jlpIchJ9sk,21
@CBS,0.0,Mon Jun 18 15:00:46 +0000 2018,0.0,1.0,0.0,RT @CBSBigBrother: Meet the cast of #BB20... before anyone else! Start streaming all their live interviews beginning at 11am EST/8am PST on‚Ä¶,22
@CBS,0.9392,Sun Jun 17 13:00:01 +0000 2018,0.0,0.507,0.493,"Today and every day we celebrate their love, guidance, and support. Happy #FathersDay to every kind of dad! https://t.co/Wffax1khBH",23
@CBS,0.3595,Fri Jun 15 18:48:29 +0000 2018,0.0,0.872,0.128,"Casting Alert! @paulwesley, @DaniaJRamirez &amp; @JamesWolk are set to star in the upcoming CBS All Access psychologica‚Ä¶ https://t.co/JnZMrzT92n",24
@CBS,-0.296,Thu Jun 14 17:30:00 +0000 2018,0.167,0.833,0.0,"In case you missed it, watch the entire #TonyAwards now: https://t.co/Bm0yNV3Ff3 https://t.co/h3YnFkmSQJ",25
@CBS,0.1779,Thu Jun 14 16:19:32 +0000 2018,0.12,0.734,0.147,RT @StrangeAngel: Mastermind or maniac? Explore the brilliant mind of Jack Parsons in #StrangeAngel. Now streaming on CBS All Access: https‚Ä¶,26
@CBS,-0.5562,Tue Jun 12 00:19:23 +0000 2018,0.315,0.551,0.134,"No pain, no gain, ALL Hart! Just one month until the premiere of @TKOCBS hosted by @KevinHart4real. https://t.co/C1yMCglxVn",27
@CBS,0.5093,Mon Jun 11 22:23:06 +0000 2018,0.0,0.829,0.171,"RT @TheNeighborhood: Welcome to #TheNeighborhood, @BethBehrs! The @2BrokeGirls star returns to @CBS in a new sitcom alongside @CedEntertain‚Ä¶",28
@CBS,-0.296,Mon Jun 11 19:01:38 +0000 2018,0.167,0.833,0.0,"In case you missed it, watch the entire #TonyAwards now: https://t.co/Bm0yNV3Ff3 https://t.co/3GA5otlcPa",29
@CBS,0.0,Mon Jun 11 14:00:37 +0000 2018,0.0,1.0,0.0,How do you know @SaraBareilles and @joshgroban's music? #TonyAwards https://t.co/POMXBORfUT,30
@CBS,0.0,Mon Jun 11 06:19:36 +0000 2018,0.0,1.0,0.0,Here are all the performances from the 2018 #TonyAwards: https://t.co/gN4ItpFlRd https://t.co/fSMNBXKC9r,31
@CBS,0.4767,Mon Jun 11 06:04:41 +0000 2018,0.0,0.78,0.22,See the complete list of winners from the 2018 #TonyAwards: https://t.co/9XK6CGeber https://t.co/HkUIN4Quej,32
@CBS,0.8478,Mon Jun 11 03:10:33 +0000 2018,0.0,0.594,0.406,An end to a magical evening. The Band's Visit wins for Best Musical! #TonyAwards https://t.co/ODza97n8YH,33
@CBS,0.92,Mon Jun 11 03:02:06 +0000 2018,0.0,0.537,0.463,Congratulations are in order for @TheKatrinaLenk! She just won for Best Leading Actress in a Musical. #TonyAwards https://t.co/t9bNvpiEmH,34
@CBS,0.0,Mon Jun 11 02:58:30 +0000 2018,0.0,1.0,0.0,"RT @CBSThisMorning: Hmm... something seems off here @SaraBareilles @JoshGroban. üòÇ

@WaitressMusical @GreatCometBway #TonyAwards https://t.c‚Ä¶",35
@CBS,0.4404,Mon Jun 11 02:56:40 +0000 2018,0.0,0.847,0.153,RT @_stobin13: watching the #TonyAwards after going to 3 broadway shows this weekend makes it even better üòçü§©,36
@CBS,0.836,Mon Jun 11 02:56:10 +0000 2018,0.0,0.533,0.467,Tony Shalhoub wins Best Leading Actor in a Musical. #TonyAwards   #TheBandsVisit https://t.co/KcUDSicKI5,37
@CBS,0.0,Mon Jun 11 02:53:00 +0000 2018,0.0,1.0,0.0,The Boss looks right at home on the #TonyAwards stage! https://t.co/pwjv4iydkn,38
@CBS,0.6369,Mon Jun 11 02:47:29 +0000 2018,0.0,0.682,0.318,RT @Aatamianphoto: Springsteen is on the #TonyAwards and I love it.,39
@CBS,0.7978,Mon Jun 11 02:44:50 +0000 2018,0.0,0.457,0.543,Inspiration: Get to your YES! #OnceOnThisIsland #TonyAwards https://t.co/Wjp0QIWfXq,40
@CBS,0.9523,Mon Jun 11 02:44:37 +0000 2018,0.0,0.45,0.55,The feeling when you win a Tony. üôå¬†Congratulations to Once on This Island for winning Best Revival of a Musical!‚Ä¶ https://t.co/UpFCqgBTwh,41
@CBS,0.5994,Mon Jun 11 02:33:09 +0000 2018,0.0,0.698,0.302,What a beautiful performance by the cast of #TheBandsVisit. #TonyAwards https://t.co/4Hw96kZvrf,42
@CBS,0.4215,Mon Jun 11 02:29:18 +0000 2018,0.0,0.877,0.123,"""I'm a living example of how theatre can change you - and it didn't just change me, it saved me."" @JohnLeguizamo at‚Ä¶ https://t.co/4ICwMhb6hv",43
@CBS,0.8932,Mon Jun 11 02:23:56 +0000 2018,0.0,0.483,0.517,Angels in America takes the win for Best Revival of a Play! #TonyAwards https://t.co/zodW61tw8a,44
@CBS,0.0,Mon Jun 11 02:21:03 +0000 2018,0.0,1.0,0.0,"RT @leahableson: The Once On This Island Goat And Chicken made it to the broadcast, Mama WILL provide #TonyAwards",45
@CBS,0.0,Mon Jun 11 02:16:06 +0000 2018,0.0,1.0,0.0,That performance was the GOAT. #TonyAwards https://t.co/mtoU92HipQ,46
@CBS,0.8908,Mon Jun 11 02:11:03 +0000 2018,0.0,0.509,0.491,Harry Potter and the Cursed Child wins Best Play at the #TonyAwards! @HPPlayNYC https://t.co/WIqJQmtAlN,47
@CBS,0.0,Mon Jun 11 02:05:47 +0000 2018,0.0,1.0,0.0,üé∂ ‚ÄúLet's dance this last dance tonight.‚Äù üé∂ #TonyAwards #DonnaSummerMusical https://t.co/UAIaglChfv,48
@CBS,0.4926,Mon Jun 11 02:03:31 +0000 2018,0.0,0.738,0.262,Hope he brought enough birthday cake for everyone! #TonyAwards https://t.co/FlLbKV6oj8,49
@CBS,0.5093,Mon Jun 11 01:58:48 +0000 2018,0.0,0.477,0.523,@writerlindsayb You're welcome! #TonyAwards,50
@CBS,0.7579,Mon Jun 11 01:53:17 +0000 2018,0.0,0.435,0.565,RT @hjmayer8: I sure do love @DearEvanHansen üíô #TonyAwards,51
@CBS,0.6467,Mon Jun 11 01:51:16 +0000 2018,0.0,0.752,0.248,"RT @Valerie4815: What a birthday present, the Tony audience singing happy birthday to you!! #TonyAwards",52
@CBS,0.0,Mon Jun 11 01:38:23 +0000 2018,0.0,1.0,0.0,If only this performance could go on forever. #TonyAwards @FrozenBroadway https://t.co/p2BMUvyTxr,53
@CBS,0.636,Mon Jun 11 01:37:36 +0000 2018,0.0,0.724,0.276,RT @anna_villanueva: Magnificent performance from the cast of @FrozenBroadway! #TonyAwards2018 #TonyAwards #Tonys,54
@CBS,0.8834,Mon Jun 11 01:30:56 +0000 2018,0.0,0.437,0.563,Glenda Jackson wins Best Leading Actress in a Play. #TonyAwards @threetallwomen https://t.co/GRp1gcBuiW,55
@CBS,0.0,Mon Jun 11 01:29:21 +0000 2018,0.0,1.0,0.0,.@SaraBareilles is totally a Gryffindor. #TonyAwards https://t.co/OPQ7esk2dn,56
@CBS,0.7351,Mon Jun 11 01:26:03 +0000 2018,0.079,0.625,0.296,RT @IzzyNY202: How impressive are these Marjory Stoneman Douglas students? That #TonyAwards performance reduced me to tears. Amazing.,57
@CBS,0.0,Mon Jun 11 01:25:59 +0000 2018,0.0,1.0,0.0,RT @KatLargent: MAGIC #TonyAwards,58
@CBS,0.0,Mon Jun 11 01:24:46 +0000 2018,0.0,1.0,0.0,Such a touching moment at the #TonyAwards. ‚ù§Ô∏è https://t.co/4kJWTHVPZ8,59
@CBS,0.4019,Mon Jun 11 01:24:12 +0000 2018,0.0,0.838,0.162,.@Matt_Morrison welcomes the Marjory Stoneman Douglas High School theatre department to the stage. #TonyAwards https://t.co/5dxa9smeka,60
@CBS,0.9151,Mon Jun 11 01:19:59 +0000 2018,0.0,0.543,0.457,So many feels at the #TonyAwards. Congratulations to @arielstachel for winning Best Featured Actor in a Musical!‚Ä¶ https://t.co/m1aRNIHPRK,61
@CBS,0.6369,Mon Jun 11 01:12:31 +0000 2018,0.0,0.625,0.375,RT @McBenefit: I love everything about you @UzoAduba. #TonyAwards,62
@CBS,0.1511,Mon Jun 11 01:08:28 +0000 2018,0.0,0.898,0.102,RT if that musical number by the cast of Carousel blew you away! #TonyAwards https://t.co/CMzMNtcAQO,63
@CBS,0.1531,Mon Jun 11 01:08:24 +0000 2018,0.0,0.852,0.148,Nathan Lane saw his #AngelsinAmerica role as a challenge. How will you challenge yourself in 2018? #TonyAwards https://t.co/3WXd6AqgBi,64
@CBS,0.8834,Mon Jun 11 01:02:47 +0000 2018,0.0,0.437,0.563,Nathan Lane wins Best Featured Actor in a Play. #TonyAwards @angelsbway https://t.co/xc8M7JtLDE,65
@CBS,0.0,Mon Jun 11 00:58:06 +0000 2018,0.0,1.0,0.0,üåü¬†@joshgroban and @SaraBareilles are Host Goals. üåü #TonyAwards https://t.co/OGQec8cXJ6,66
@CBS,0.2714,Mon Jun 11 00:52:34 +0000 2018,0.0,0.793,0.207,RT @adub369: This is unbelievable! @SaraBareilles and @joshgroban #TonyAwards,67
@CBS,0.0,Mon Jun 11 00:51:11 +0000 2018,0.0,1.0,0.0,Who lives in a pineapple and just performed at The Tonys? üççüé∂ The cast of SpongeBob SquarePants: The Musical!‚Ä¶ https://t.co/mvFxdh9UJi,68
@CBS,0.8478,Mon Jun 11 00:50:18 +0000 2018,0.0,0.494,0.506,‚ú® @LindsayMendez wins Best Featured Actress in a Musical! #TonyAwards @carouselbway https://t.co/MtgFowscN5,69
@CBS,0.8858,Mon Jun 11 00:45:14 +0000 2018,0.0,0.435,0.565,A big congratulations to @springsteen for his Special Tony award! ‚ú®¬†#TonyAwards https://t.co/i16u8uv9aT,70
@CBS,0.0,Mon Jun 11 00:44:36 +0000 2018,0.0,1.0,0.0,Can the 73rd annual #TonyAwards just be three-hours of @TitussBurgess? https://t.co/3rCZwwTUtv,71
@CBS,0.25,Mon Jun 11 00:35:41 +0000 2018,0.0,0.92,0.08,"RT @CBSThisMorning: ""We know there are a lot of you out there who have photos of yourself in school plays or community theater."" Post your‚Ä¶",72
@CBS,0.4588,Mon Jun 11 00:34:45 +0000 2018,0.0,0.833,0.167,Keep your acceptance speeches short or else the #TonyAwards will get the angels involved. #AngelsInAmerica üëº https://t.co/oznhezRzDc,73
@CBS,0.0,Mon Jun 11 00:31:28 +0000 2018,0.0,1.0,0.0,"If you haven't started singing, you will be the rest of the night. #TonyAwards #MyFairLady https://t.co/jbGXwnru8N",74
@CBS,0.3612,Mon Jun 11 00:27:42 +0000 2018,0.0,0.737,0.263,RT @marialena_rago: I like this opener for @MyFairLadyBway #TonyAwards,75
@CBS,0.8908,Mon Jun 11 00:27:00 +0000 2018,0.0,0.43,0.57,Laurie Metcalf wins Best Featured Actress in a Play! #TonyAwards @threetallwomen https://t.co/y4teyJaRPs,76
@CBS,0.0,Mon Jun 11 00:24:31 +0000 2018,0.0,1.0,0.0,Tina Fey has a boat?? #MeanGirls #TonyAwards https://t.co/phYxmHMd3d,77
@CBS,0.0,Mon Jun 11 00:22:15 +0000 2018,0.0,1.0,0.0,Representing the hardest-working men and women in Broadway‚Ä¶¬†ensemble members from every nominated musical tonight!‚Ä¶ https://t.co/imlEEnOUla,78
@CBS,0.6369,Mon Jun 11 00:22:15 +0000 2018,0.0,0.588,0.412,RT @misschae: I love theatre so much. #TonyAwards,79
@CBS,0.0,Mon Jun 11 00:18:16 +0000 2018,0.0,1.0,0.0,On Wednesdays they wear pink and on Sundays they perform at the #TonyAwards. üíï Who thought that performance by the‚Ä¶ https://t.co/w7QDkaX6kF,80
@CBS,0.6369,Mon Jun 11 00:13:27 +0000 2018,0.0,0.756,0.244,"RT @MichaelJMoritz: ""We are all made perfectly and we all belong‚Äù - Andrew Garfield #TonyAwards",81
@CBS,0.8834,Mon Jun 11 00:12:31 +0000 2018,0.0,0.437,0.563,Andrew Garfield wins Best Leading Actor in a Play. #TonyAwards @angelsbway https://t.co/s2VQnw6IPP,82
@CBS,0.6696,Mon Jun 11 00:06:39 +0000 2018,0.0,0.64,0.36,"RT @nightingalen: Love this opening song! @joshgroban
@SaraBarreilles 
#TonyAwards",83
@CBS,0.0,Mon Jun 11 00:04:15 +0000 2018,0.0,1.0,0.0,‚ú® @joshgroban and @SaraBareilles take the stage to begin an unforgettable evening. #TonyAwards https://t.co/y9uzlK2DzO,84
@CBS,0.0,Sun Jun 10 23:59:00 +0000 2018,0.0,1.0,0.0,Grab your popcorn... it's time for the #TonyAwards! Go and stream the entire show now: https://t.co/Wo1algQHix https://t.co/JGYTk4NPDN,85
@CBS,0.0,Sun Jun 10 23:18:15 +0000 2018,0.0,1.0,0.0,‚ú® @thegoodfight's Christine Baranski has arrived on the #TonyAwards red carpet! Watch LIVE at 8/7c on CBS! https://t.co/XnXAnPtRrc,86
@CBS,0.0,Sun Jun 10 22:01:25 +0000 2018,0.0,1.0,0.0,"The hosts have arrived! We're LIVE with @SaraBareilles, @joshgroban and more on the #TonyAwards red carpet hosted b‚Ä¶ https://t.co/NtarbgywLe",87
@CBS,0.4184,Sun Jun 10 15:00:01 +0000 2018,0.0,0.843,0.157,Tonight's the night! Join @etnow's @DDirecto on the #TonyAwards' red carpet starting at 5PM ET! https://t.co/hZLOSiIRAT,88
@CBS,0.5093,Sat Jun 09 21:00:02 +0000 2018,0.0,0.845,0.155,These two know a thing or two about awards! Watch them light up the stage tomorrow at the #TonyAwards. ‚ú® https://t.co/KHVZp65oLS,89
@CBS,0.0,Sat Jun 09 16:00:00 +0000 2018,0.0,1.0,0.0,Here's everything you need to know before watching the #TonyAwards this Sunday at 8/7c: https://t.co/jcRgNGmLUZ https://t.co/8suUhVPFK6,90
@CBS,0.296,Fri Jun 08 19:46:17 +0000 2018,0.0,0.82,0.18,Join @etnow's @DDirecto this Sunday on the #TonyAwards' red carpet. https://t.co/7jS8g10KmY,91
@CBS,0.0,Fri Jun 08 15:00:03 +0000 2018,0.0,1.0,0.0,Here's @laChanze with a reminder that you can stream the #TonyAwards this Sunday on CBS All Access! https://t.co/8TDEXzKmyQ,92
@CBS,0.9078,Fri Jun 08 13:58:15 +0000 2018,0.0,0.564,0.436,"We all get by with a little help from our friends, so what better way to celebrate #NationalBestFriendsDay than to‚Ä¶ https://t.co/pIZezbBwaT",93
@CBS,0.3612,Thu Jun 07 17:03:26 +0000 2018,0.0,0.872,0.128,"Get ready for show-stopping performances by the casts of the 2018 Tony-nominated shows Mean Girls, SpongeBob Square‚Ä¶ https://t.co/NiSx9Bbw0F",94
@CBS,0.2732,Wed Jun 06 21:00:24 +0000 2018,0.105,0.719,0.176,Don‚Äôt miss a special performance from @springsteen this Sunday at the #TonyAwards: https://t.co/LYYdleaFwU https://t.co/IKkKoITH9y,95
@CBS,0.3595,Wed Jun 06 00:08:30 +0000 2018,0.0,0.872,0.128,"RT @CBSThisMorning: .@SaraBareilles and @joshgroban are hosting this Sunday's @TheTonyAwards on @CBS! 

Wednesday, they'll join us LIVE on‚Ä¶",96
@CBS,-0.4404,Tue Jun 05 22:23:35 +0000 2018,0.177,0.723,0.1,"RT @SU2C: SU2C telecast Co-Executive Producer Bradley Cooper sits down with Mitch Carbon, a pediatric cancer survivor who benefited from #S‚Ä¶",97
@CBS,0.4574,Tue Jun 05 22:12:28 +0000 2018,0.0,0.824,0.176,RT @StrangeAngel: About last night... The #StrangeAngel screening party was a blast! Pun intended. üöÄüòè https://t.co/m64EcNmweY,98
@CBS,0.5093,Tue Jun 05 19:00:02 +0000 2018,0.0,0.845,0.155,These CBS stars can really belt it out! Find out which celebs from your favorite shows are pitch-perfect:‚Ä¶ https://t.co/X4zMACFazB,99
@CBS,0.0,Tue Jun 05 15:04:41 +0000 2018,0.0,1.0,0.0,"More stars are set to appear at the #TonyAwards, including @billyjoel, @amyschumer, and @katharinemcphee. See who e‚Ä¶ https://t.co/lPUocBcn9t",100
@CNN,0.0,Thu Jul 12 01:15:00 +0000 2018,0.0,1.0,0.0,A Russian internet company with links to the Kremlin was among the firms to which Facebook gave an extension which‚Ä¶ https://t.co/SvlEST2dq7,1
@CNN,-0.7579,Thu Jul 12 01:03:10 +0000 2018,0.311,0.637,0.052,Former Gen. Michael Flynn has joined a consulting firm as he awaits sentencing after pleading guilty to lying to th‚Ä¶ https://t.co/BJVmtfpWtO,2
@CNN,-0.4215,Thu Jul 12 01:01:54 +0000 2018,0.127,0.82,0.053,"RT @AC360: Anderson Cooper: ""You can take issue with any number of aspects of NATO... however, the President's main grievance, [that allies‚Ä¶",3
@CNN,0.2732,Thu Jul 12 00:59:13 +0000 2018,0.0,0.9,0.1,"The Duke and Duchess of Sussex were greeted by fans in Dublin, Ireland, during their first official international v‚Ä¶ https://t.co/oZqzy3DM1p",4
@CNN,-0.34,Thu Jul 12 00:49:05 +0000 2018,0.112,0.888,0.0,Fans from England and Croatia react to tense moments in the nail-biting World Cup semi final. Croatia beat England‚Ä¶ https://t.co/5SaYfNRLgT,5
@CNN,0.0,Thu Jul 12 00:47:08 +0000 2018,0.0,1.0,0.0,Facebook will chip in for users' birthday fundraisers https://t.co/L96fciQSQn https://t.co/gCAyBSLNDM,6
@CNN,0.0,Thu Jul 12 00:41:00 +0000 2018,0.0,1.0,0.0,"Listen to Maggie Gyllenhaal and over 30 other Hollywood stars read an affidavit from a mother, known as Mirian, who‚Ä¶ https://t.co/0OEYNmG55P",7
@CNN,0.0516,Thu Jul 12 00:38:00 +0000 2018,0.178,0.632,0.19,New video shows just how dangerous the Thai cave rescue was https://t.co/qsYHAmIW3X https://t.co/Ky4xN7mRUB,8
@CNN,0.0,Thu Jul 12 00:36:06 +0000 2018,0.0,1.0,0.0,Trump's secret NATO strategy | By Frida Ghitis via @CNNOpinion https://t.co/gRhNotQ4pL https://t.co/cHO88ffQ0k,9
@CNN,0.0,Thu Jul 12 00:31:09 +0000 2018,0.0,1.0,0.0,"Meet Care-E, the automated airport assistant that scans a boarding pass, carries luggage and guides passengers to t‚Ä¶ https://t.co/Fw5RIKpeqN",10
@CNN,0.4404,Thu Jul 12 00:28:08 +0000 2018,0.0,0.888,0.112,"RT @AC360: Retired US Army Lt. Colonel Ralph Peters on the President's latest gambits at the NATO meeting: ""Trump is indisputably good at p‚Ä¶",11
@CNN,0.0,Thu Jul 12 00:21:26 +0000 2018,0.0,1.0,0.0,Police in an Atlanta suburb are investigating a home invasion at a house belonging to NFL superstar and Buffalo Bil‚Ä¶ https://t.co/ryLX3hB6vD,12
@CNN,-0.3612,Thu Jul 12 00:15:46 +0000 2018,0.126,0.805,0.069,"RT @OutFrontCNN: Ahead of President Trump's visit to London, there's a campaign to push Green Day's ""American Idiot"" to the top of the Offi‚Ä¶",13
@CNN,0.0,Thu Jul 12 00:13:50 +0000 2018,0.0,1.0,0.0,"President Trump's barrage of acidic rhetoric at the NATO summit was ""beyond belief,"" reeling diplomats say‚Ä¶ https://t.co/uPpyuC6vzf",14
@CNN,0.0,Thu Jul 12 00:11:09 +0000 2018,0.0,1.0,0.0,"President Trump has pushed the idea that NATO allies owe the US money, but that's not how alliance funding works‚Ä¶ https://t.co/G7giz3QOrB",15
@CNN,0.0,Thu Jul 12 00:09:02 +0000 2018,0.0,1.0,0.0,A government watchdog agency says NASA needs to have a contingency plan in place for a situation in which SpaceX an‚Ä¶ https://t.co/VKcZ6PkU4e,16
@CNN,0.0,Thu Jul 12 00:06:34 +0000 2018,0.0,1.0,0.0,"RT @OutFrontCNN: ""This does run up my temperature a bit ... he will have visibility into the Mueller investigation."" - @SenWhitehouse expla‚Ä¶",17
@CNN,-0.128,Thu Jul 12 00:01:05 +0000 2018,0.118,0.786,0.096,Her father left to provide for them. Her mother was detained trying to join him. Now they're a family again‚Ä¶ https://t.co/6mHi92IUks,18
@CNN,-0.5267,Wed Jul 11 23:51:07 +0000 2018,0.175,0.825,0.0,Democrats are frustrated that GOP Rep. Devin Nunes left mid-hearing after questions about the Russia probe‚Ä¶ https://t.co/L0z4z219ib,19
@CNN,0.6124,Wed Jul 11 23:46:08 +0000 2018,0.12,0.6,0.28,"The Thai cave rescue ended in success. But only two weeks ago, it all seemed hopeless https://t.co/3JicqJcRum https://t.co/zgXXHgYFEl",20
@CNN,0.5574,Wed Jul 11 23:41:02 +0000 2018,0.0,0.841,0.159,"President Trump's nomination of Brett Kavanaugh to the US Supreme Court ""has put red state Democratic US senators i‚Ä¶ https://t.co/XUudjzzpJm",21
@CNN,0.0,Wed Jul 11 23:31:07 +0000 2018,0.0,1.0,0.0,"""The move to eliminate plastic straws is just the latest example of the able-bodied world overlooking the disabilit‚Ä¶ https://t.co/uazN65KSfY",22
@CNN,0.7184,Wed Jul 11 23:21:05 +0000 2018,0.0,0.652,0.348,"Oprah expands her empire with an investment in True Food Kitchen, a healthy restaurant chain backed by celebrity do‚Ä¶ https://t.co/5lR9Rl64Wa",23
@CNN,0.0,Wed Jul 11 23:11:02 +0000 2018,0.0,1.0,0.0,Disney just placed a big bet on eSports. ESPN signed a deal with Bobby Kotick's Activision Blizzard for TV rights t‚Ä¶ https://t.co/LT5KBr5f6A,24
@CNN,-0.5267,Wed Jul 11 23:06:06 +0000 2018,0.159,0.841,0.0,"For weeks, parents had maintained a constant vigil outside the cave where soccer players were trapped in northern T‚Ä¶ https://t.co/gk4VGfVX8n",25
@CNN,-0.34,Wed Jul 11 23:01:07 +0000 2018,0.274,0.513,0.214,Trump's way: Treating allies like enemies and enemies like allies | By Peter Bergen via @CNNOpinion‚Ä¶ https://t.co/QUA1HG0OUV,26
@CNN,0.1695,Wed Jul 11 22:51:24 +0000 2018,0.0,0.932,0.068,"RT @CNNSitRoom: ‚ÄúWhat we have seen since the last election, is that the Russian efforts on social media never stopped, they merely have cha‚Ä¶",27
@CNN,0.4019,Wed Jul 11 22:51:05 +0000 2018,0.0,0.876,0.124,Deputy AG Rod Rosenstein sent an email Tuesday to the US attorneys' offices around the country requesting help with‚Ä¶ https://t.co/SQHxYyXgc4,28
@CNN,0.3612,Wed Jul 11 22:51:02 +0000 2018,0.058,0.823,0.119,"RT @CNNSitRoom: Rep. Schiff says Trump questioning 'what good is NATO' is ‚Äúbreathtaking,‚Äù adding, ‚ÄúNATO was there for us, doing flyovers af‚Ä¶",29
@CNN,0.0,Wed Jul 11 22:49:08 +0000 2018,0.0,1.0,0.0,Rt. Gen. Wesley Clark said he doesn't think President Trump fully understands how NATO functions‚Ä¶ https://t.co/zwZneGqlWZ,30
@CNN,0.6249,Wed Jul 11 22:41:22 +0000 2018,0.0,0.812,0.188,"RT @CNNSitRoom: ""The United States has been slow in dealing with the social media companies to make sure that this type of intrusion doesn'‚Ä¶",31
@CNN,0.5719,Wed Jul 11 22:41:02 +0000 2018,0.0,0.856,0.144,Fans let off flares in the streets and smoke filled the night sky as Croatia celebrated the goal which took the nat‚Ä¶ https://t.co/Ig6b2IVvvn,32
@CNN,0.0,Wed Jul 11 22:31:39 +0000 2018,0.0,1.0,0.0,"RT @CNNSitRoom: ""Frankly, in alliances and partnerships, there will be disputes."" - Emily Haber, German Ambassador to U.S., on President Tr‚Ä¶",33
@CNN,-0.8442,Wed Jul 11 22:31:10 +0000 2018,0.288,0.712,0.0,"The Black Eyed Peas are commenting on police brutality and racism in the music video for their song ""Get It,"" which‚Ä¶ https://t.co/rLU2RnuHM0",34
@CNN,-0.6249,Wed Jul 11 22:26:05 +0000 2018,0.163,0.837,0.0,"It was the moment the housing crisis hit home. IndyMac, a California bank that had grown into one of the nation's l‚Ä¶ https://t.co/p1oLUzC65N",35
@CNN,-0.296,Wed Jul 11 22:21:06 +0000 2018,0.115,0.885,0.0,"Pfizer caved to pressure from President Trump to temporarily roll back its drug price increases, a concession that‚Ä¶ https://t.co/rYsAd5DjvZ",36
@CNN,0.0,Wed Jul 11 22:16:03 +0000 2018,0.0,1.0,0.0,"Comcast increases its offer for British broadcaster Sky to ¬£26 billion, or about $34 billion https://t.co/h4qJOVq9mZ https://t.co/3sdp8BAnJI",37
@CNN,-0.25,Wed Jul 11 22:11:03 +0000 2018,0.1,0.9,0.0,Uber's head of human resources has resigned following an internal investigation into how she handled claims of raci‚Ä¶ https://t.co/mdo4FzhP1j,38
@CNN,0.6369,Wed Jul 11 22:05:14 +0000 2018,0.0,0.766,0.234,"RT @CNNSitRoom: Paul Manafort thinks he's being treated like a 'VIP' in jail, special counsel Robert Mueller‚Äôs team says https://t.co/8Mi23‚Ä¶",39
@CNN,0.2732,Wed Jul 11 22:02:37 +0000 2018,0.0,0.9,0.1,"""You might as well have your eyes closed for the whole trip"": Australian divers describe rescuing the boys trapped‚Ä¶ https://t.co/33LtqpGNQ3",40
@CNN,0.0,Wed Jul 11 21:57:48 +0000 2018,0.0,1.0,0.0,"RT @CNNSitRoom: ""What do you think is going to happen?"" @KFILE breaks down the discovered audio of Darla, Bill Shine's wife. https://t.co/r‚Ä¶",41
@CNN,-0.296,Wed Jul 11 21:57:04 +0000 2018,0.095,0.905,0.0,The Dow closed 219 points lower after the White House moved ahead with plans to launch tariffs on another $200 bill‚Ä¶ https://t.co/Xwon5FozNv,42
@CNN,0.0,Wed Jul 11 21:55:10 +0000 2018,0.0,1.0,0.0,Prosecutors says Paul Manafort is being held in a private living unit larger than where other inmates stay that has‚Ä¶ https://t.co/1v9POdf6up,43
@CNN,0.296,Wed Jul 11 21:51:03 +0000 2018,0.0,0.885,0.115,A former Tesla employee has filed a formal tip with the Securities and Exchange Commission that alleges Elon Musk's‚Ä¶ https://t.co/zSaw4Tm0l0,44
@CNN,0.2023,Wed Jul 11 21:46:51 +0000 2018,0.0,0.924,0.076,The wife of top Trump aide Bill Shine had a radio show where she said women in the military should expect sexual ha‚Ä¶ https://t.co/35H4ZORfrW,45
@CNN,0.0,Wed Jul 11 21:41:03 +0000 2018,0.0,1.0,0.0,New York Mayor Bill de Blasio says allegations made by US Customs and Border Protection that he had crossed the US-‚Ä¶ https://t.co/wx7nECfGKJ,46
@CNN,0.6808,Wed Jul 11 21:36:46 +0000 2018,0.0,0.763,0.237,"Sen. Jeanne Shaheen said she wants ""a chance to listen"" to Supreme Court nominee Brett Kavanaugh before deciding wh‚Ä¶ https://t.co/ZZBAsCrn9s",47
@CNN,0.0,Wed Jul 11 21:31:06 +0000 2018,0.0,1.0,0.0,A New Jersey man who went into a river fishing for crabs returned with something else entirely: a deadly bacterial‚Ä¶ https://t.co/nDwAt9vmq0,48
@CNN,0.2023,Wed Jul 11 21:31:00 +0000 2018,0.0,0.904,0.096,"Drake's ""Scorpion"" album set a record by posting seven simultaneous singles on Billboard's Top 10. That toppled The‚Ä¶ https://t.co/3OjpStr0n0",49
@CNN,-0.7269,Wed Jul 11 21:26:08 +0000 2018,0.278,0.653,0.069,Some people with disabilities fear that a growing effort to ban plastic straws will limit their accessibility at re‚Ä¶ https://t.co/x7SzLcZXEs,50
@CNN,-0.3612,Wed Jul 11 21:22:08 +0000 2018,0.2,0.8,0.0,Twitter is purging suspicious accounts from your follower count https://t.co/sBGa1gwhFE https://t.co/cFPL0wmThw,51
@CNN,0.4215,Wed Jul 11 21:19:57 +0000 2018,0.098,0.684,0.218,Jubilant fans erupt in celebration in Zagreb as Croatia defeats England 2-1 to reach its first-ever #WorldCup final‚Ä¶ https://t.co/XNE58QMs7V,52
@CNN,0.5574,Wed Jul 11 21:18:02 +0000 2018,0.0,0.841,0.159,"RT @TheLeadCNN: Fmr. NATO Supreme Allied Commander, Gen. Wesley Clark dismisses President Trump's claim that German is a 'captive of Russia‚Ä¶",53
@CNN,0.2003,Wed Jul 11 21:16:09 +0000 2018,0.0,0.899,0.101,How much does the US spend on defense? A lot! | Analysis by CNN's Z. Byron Wolf https://t.co/bsyS3YMiX9 https://t.co/B2GYuXt4Ai,54
@CNN,-0.5719,Wed Jul 11 21:11:11 +0000 2018,0.266,0.734,0.0,Stop fighting about breastfeeding and face this reality | By Gayle Tzemach Lemmon via @CNNOpinion‚Ä¶ https://t.co/p1pnOuHqky,55
@CNN,0.0,Wed Jul 11 21:09:14 +0000 2018,0.0,1.0,0.0,RT @TheLeadCNN: A Russian internet company with links to the Kremlin was among the firms to which Facebook gave an extension which allowed‚Ä¶,56
@CNN,0.0,Wed Jul 11 21:06:07 +0000 2018,0.0,1.0,0.0,Disney is already the king of the box office. And if the company's $71.3 billion deal for most of 21st Century Fox‚Ä¶ https://t.co/VoP2oh4fNM,57
@CNN,0.0,Wed Jul 11 21:01:05 +0000 2018,0.0,1.0,0.0,"Sears is laying off 200 more people, including 150 in its Illinois headquarters https://t.co/fiYUDCOZqZ https://t.co/SuDCUlPJwp",58
@CNN,0.3612,Wed Jul 11 20:58:18 +0000 2018,0.0,0.894,0.106,"RT @TheLeadCNN: ""Dad, where were you?"" Josue Rodriguez describes what it was like reuniting with his 3-year-old son after being separated f‚Ä¶",59
@CNN,-0.659,Wed Jul 11 20:56:07 +0000 2018,0.221,0.779,0.0,"Sen. Bob Menendez said he believes it would be ""enormously dangerous"" if President Trump were to meet alone with Ru‚Ä¶ https://t.co/LPbXZXmLVT",60
@CNN,0.0,Wed Jul 11 20:51:21 +0000 2018,0.0,1.0,0.0,Allies wonder if the West can withstand the Trump presidency | Analysis by @stcollinson https://t.co/Op5XKyqpm5 https://t.co/cWi16VoXrH,61
@CNN,0.7964,Wed Jul 11 20:48:28 +0000 2018,0.0,0.738,0.262,"Fans cheer as Croatia's win against England puts it through to its first ever #WorldCup final, where it will face F‚Ä¶ https://t.co/M1JCEWrIFg",62
@CNN,-0.296,Wed Jul 11 20:41:03 +0000 2018,0.128,0.872,0.0,"Blood pressure linked to lesions, signs of Alzheimer's in autopsied brains, new study finds https://t.co/PjHIh5ye7C https://t.co/OsHsLU8im9",63
@CNN,0.6124,Wed Jul 11 20:39:46 +0000 2018,0.0,0.762,0.238,Croatia beats England to reach their first ever #WorldCup final. They'll face 1998 champion France on Sunday.‚Ä¶ https://t.co/Fc6Knoq6zi,64
@CNN,-0.5859,Wed Jul 11 20:36:03 +0000 2018,0.167,0.833,0.0,Republicans on Capitol Hill say they're considering holding former FBI lawyer Lisa Page in contempt after she did n‚Ä¶ https://t.co/zvKNwLPBNQ,65
@CNN,0.4019,Wed Jul 11 20:29:59 +0000 2018,0.0,0.876,0.124,"""All I ask today is for my parents to be freed immediately."" With a call to #FreeTheSilvas, the daughter of a coupl‚Ä¶ https://t.co/ohgVCBUuz3",66
@CNN,0.0,Wed Jul 11 20:23:36 +0000 2018,0.156,0.688,0.156,The Senate confirmed Brian Benczkowski to lead the Justice Department's criminal division on a near party-line vote‚Ä¶ https://t.co/Qf3SoOaWAj,67
@CNN,-0.2732,Wed Jul 11 20:21:19 +0000 2018,0.1,0.9,0.0,"Sen. Bob Corker bluntly warned that US influence around the world is ""diminishing"" and said he believes President T‚Ä¶ https://t.co/zja8LANHbv",68
@CNN,-0.1779,Wed Jul 11 20:16:03 +0000 2018,0.078,0.922,0.0,"RT @TheLeadCNN: President Trump came out brawling in his first public comments ahead of NATO's annual summit, accusing Germany ‚Äî a close US‚Ä¶",69
@CNN,-0.1531,Wed Jul 11 20:14:35 +0000 2018,0.096,0.904,0.0,America is falling far behind on key world goals | By Jeffrey Sachs via @CNNOpinion https://t.co/favnT0yWQD https://t.co/BKKpli9ooQ,70
@CNN,0.0,Wed Jul 11 20:13:57 +0000 2018,0.0,1.0,0.0,"""Little People, Big World"" star Jeremy Roloff has announced that he and his wife Audrey are leaving the reality sho‚Ä¶ https://t.co/0NDWqheOm9",71
@CNN,0.0,Wed Jul 11 20:12:30 +0000 2018,0.0,1.0,0.0,"RT @CNNnewsroom: After President Trump said his meeting with Russian President Putin may be the ‚Äúeasiest‚Äù one, Senator Menendez says, ‚ÄúSome‚Ä¶",72
@CNN,-0.749,Wed Jul 11 20:11:21 +0000 2018,0.389,0.611,0.0,Trade war? Here's what investors should really be worried about https://t.co/94PnTJZye6 https://t.co/XRSxAIIeol,73
@CNN,-0.6369,Wed Jul 11 20:09:22 +0000 2018,0.266,0.621,0.112,"RT @CNNMoney: Dow sinks 219 points, or 0.9%, on trade war worries. S&amp;P 500 loses 0.7%, snapping four-day win streak. US oil plunges by 5%,‚Ä¶",74
@CNN,0.2732,Wed Jul 11 20:07:01 +0000 2018,0.0,0.9,0.1,"The Duke and Duchess of Sussex were greeted by fans in Dublin Ireland, during their first official international vi‚Ä¶ https://t.co/mN7oF2xDyB",75
@CNN,0.0,Wed Jul 11 20:01:53 +0000 2018,0.0,1.0,0.0,"Parkland, Florida, parents and students filed suit against Broward County, the sheriff, his deputies and the school‚Ä¶ https://t.co/J5WaFMLXaW",76
@CNN,-0.872,Wed Jul 11 19:57:04 +0000 2018,0.459,0.541,0.0,Violent protests in Uganda have forced the government to review a controversial tax imposed on social media use in‚Ä¶ https://t.co/9HqEv3EyHu,77
@CNN,0.0,Wed Jul 11 19:49:53 +0000 2018,0.0,1.0,0.0,"In his first public appearance since taking over as the acting head of the Environmental Protection Agency, Andrew‚Ä¶ https://t.co/fn8bcSpa9c",78
@CNN,0.4019,Wed Jul 11 19:37:09 +0000 2018,0.0,0.838,0.162,"Tickets for Sean Spicer's book launch party go for as much as $1,000 https://t.co/nkQJEv8CZR https://t.co/HMfbsaK9F4",79
@CNN,0.3612,Wed Jul 11 19:36:07 +0000 2018,0.0,0.857,0.143,Papa John's founder John Schnatter apologizes for using the N-word on a conference call in May‚Ä¶ https://t.co/fvZe1ZrIiz,80
@CNN,0.7845,Wed Jul 11 19:31:34 +0000 2018,0.0,0.723,0.277,Remarkable video shows the rescue operation to bring members of the young soccer team out of Thailand's Tham Luang‚Ä¶ https://t.co/5aUZ4eEm7P,81
@CNN,0.0258,Wed Jul 11 19:25:46 +0000 2018,0.0,0.945,0.055,The British Association of Sexual Health and HIV has published new treatment guidelines in an attempt to prevent th‚Ä¶ https://t.co/B4eLkamG9q,82
@CNN,0.296,Wed Jul 11 19:24:57 +0000 2018,0.078,0.781,0.141,"The Senate took a bipartisan swipe at President Donald Trump, overwhelmingly approving a motion of support for NATO‚Ä¶ https://t.co/IvbEfJqAMT",83
@CNN,0.4939,Wed Jul 11 19:14:19 +0000 2018,0.0,0.833,0.167,"In an experiment, Australian scientists have successfully wiped out more than 80% of disease-carrying mosquitoes in‚Ä¶ https://t.co/G1nvRoFav6",84
@CNN,-0.3182,Wed Jul 11 19:02:26 +0000 2018,0.211,0.675,0.114,Trump's policies boost the for-profit detention business. But the migrants at this facility say they feel coerced i‚Ä¶ https://t.co/4zosU6Cyuh,85
@CNN,0.0,Wed Jul 11 18:56:45 +0000 2018,0.0,1.0,0.0,"Listen to Maggie Gyllenhaal and over 30 other Hollywood stars read an affidavit from a mother, known as Mirian, who‚Ä¶ https://t.co/IbCLwQQ5wm",86
@CNN,0.0,Wed Jul 11 18:50:02 +0000 2018,0.0,1.0,0.0,These grandparents went to visit their soldier son-in-law at an Army base on July 4 and were turned over to ICE‚Ä¶ https://t.co/QSc1qfuJlH,87
@CNN,-0.5423,Wed Jul 11 18:40:08 +0000 2018,0.184,0.816,0.0,"The US embassy has taken the unusual step of issuing a warning to American citizens in the UK to ""keep a low profil‚Ä¶ https://t.co/BaW8DX5Ib7",88
@CNN,0.0,Wed Jul 11 18:32:38 +0000 2018,0.0,1.0,0.0,"The Cheesemonger Invitational began as an industry event for producers, importers and sellers of cheese. Its founde‚Ä¶ https://t.co/2BQp8dAf8i",89
@CNN,0.5267,Wed Jul 11 18:30:16 +0000 2018,0.0,0.848,0.152,A sheriff's deputy who found a baby partially buried but alive in the mountains of Montana over the weekend says he‚Ä¶ https://t.co/m0iYWwntFW,90
@CNN,0.34,Wed Jul 11 18:20:03 +0000 2018,0.0,0.888,0.112,An Australian doctor who played a key role in rescuing 12 young Thai soccer players and their coach learned afterwa‚Ä¶ https://t.co/iS9uTWmoz7,91
@CNN,-0.6908,Wed Jul 11 18:10:06 +0000 2018,0.263,0.737,0.0,"A week after a 91-year-old Mexican man says he was beaten with a concrete block in Southern California, a woman has‚Ä¶ https://t.co/mOsAaoeD29",92
@CNN,0.2023,Wed Jul 11 18:00:01 +0000 2018,0.0,0.904,0.096,"Drake's ""Scorpion"" album set a record by posting seven simultaneous singles on Billboards Top 10. That toppled The‚Ä¶ https://t.co/HTfJnSZ4TS",93
@CNN,0.3182,Wed Jul 11 17:53:17 +0000 2018,0.0,0.867,0.133,The hypocrisy at the heart of Trump's rancher pardon | By Peniel Joseph via @CNNOpinion https://t.co/PkzAbNYW0I https://t.co/6VGzlngzjN,94
@CNN,0.0772,Wed Jul 11 17:43:19 +0000 2018,0.0,0.949,0.051,RT @AC360: Only 5 days until the premiere of Anderson Cooper Full Circle on Facebook Watch. Which story would you want to see covered on th‚Ä¶,95
@CNN,0.2732,Wed Jul 11 17:41:27 +0000 2018,0.0,0.9,0.1,"""You might as well have your eyes closed for the whole trip"": Australian divers describe rescuing the boys trapped‚Ä¶ https://t.co/sY5qUPk7ML",96
@CNN,0.3182,Wed Jul 11 17:34:58 +0000 2018,0.0,0.867,0.133,The hypocrisy at the heart of Trump's rancher pardon | By Peniel Joseph via @CNNOpinion https://t.co/xntNluCx2k https://t.co/hhOdsW3Gnd,97
@CNN,-0.4215,Wed Jul 11 17:32:00 +0000 2018,0.141,0.859,0.0,"Chicago has been Sears' headquarters for a century. Now, the struggling retailer is closing its last location there‚Ä¶ https://t.co/75Yx69xSnS",98
@CNN,0.0,Wed Jul 11 17:24:03 +0000 2018,0.0,1.0,0.0,A New Jersey man who went into a river fishing for crabs returned with something else entirely: a deadly bacterial‚Ä¶ https://t.co/tenemz1O4s,99
@CNN,0.128,Wed Jul 11 17:14:13 +0000 2018,0.101,0.773,0.126,The Trump administration is once again slashing funding for a program that helps Americans sign up for Obamacare‚Ä¶ https://t.co/X01PuxWGww,100
@FoxNews,0.0,Thu Jul 12 01:21:41 +0000 2018,0.0,1.0,0.0,Burglar with boxer briefs on head being sought by Texas police. https://t.co/jwvyV7WDsy,1
@FoxNews,-0.8481,Thu Jul 12 01:15:00 +0000 2018,0.505,0.495,0.0,"San Francisco's new mayor confronts city in turmoil amid crime, homelessness, lost business. https://t.co/JHQwFM9aOv",2
@FoxNews,0.4404,Thu Jul 12 01:12:59 +0000 2018,0.0,0.868,0.132,"Col. Douglas Macgregor on NATO Summit: ""The Germans, thanks to us, don't feel obligated to defend themselves. And [‚Ä¶ https://t.co/7u5dFeRLnG",3
@FoxNews,-0.5719,Thu Jul 12 01:11:00 +0000 2018,0.315,0.559,0.126,Louisiana man who killed black bear gets $10G fine. https://t.co/43Bdgsdydf,4
@FoxNews,0.0,Thu Jul 12 01:09:00 +0000 2018,0.0,1.0,0.0,"Col. Douglas Macgregor on NATO Summit: ""[@POTUS is] delivering a message that is at least two decades overdue. The‚Ä¶ https://t.co/TYVwgs4XFZ",5
@FoxNews,0.4753,Thu Jul 12 01:06:46 +0000 2018,0.0,0.781,0.219,RIGHT NOW: Tune in for a powerful 'Hannity' live from London! @SeanHannity https://t.co/DNDs8qqMHs,6
@FoxNews,-0.6908,Thu Jul 12 00:55:38 +0000 2018,0.389,0.466,0.145,Arizona woman feared dead is rescued from canal in dramatic video https://t.co/cUsCUvtL4x,7
@FoxNews,0.0,Thu Jul 12 00:46:40 +0000 2018,0.0,1.0,0.0,.@TheRock is not running for president in 2020: 'What I need is time to go out and learn' https://t.co/4R2GdDXjVO,8
@FoxNews,-0.4767,Thu Jul 12 00:41:17 +0000 2018,0.313,0.687,0.0,Allegiant Air under scrutiny again as pilots threaten to strike https://t.co/ccae9GArZF,9
@FoxNews,0.0772,Thu Jul 12 00:34:04 +0000 2018,0.21,0.559,0.231,Border Patrol agents rescue abandoned 3-year-old girl in Texas https://t.co/WZav4nVHEV,10
@FoxNews,0.0,Thu Jul 12 00:31:15 +0000 2018,0.0,1.0,0.0,US Amb to UK Woody Johnson: Trump's Attitude at NATO 'Put Relations in Perspective' https://t.co/rpLskrh4Xt,11
@FoxNews,0.8176,Thu Jul 12 00:28:13 +0000 2018,0.0,0.634,0.366,Celebrate 'All American Pet Photo Day' with 7 of the cutest pics on Instagram #ProudAmerican https://t.co/KEnEdJ8lal,12
@FoxNews,0.0,Thu Jul 12 00:22:34 +0000 2018,0.0,1.0,0.0,.@toddstarnes: Desecrated American flag removed at University of Kansas https://t.co/6FxmjMLyio,13
@FoxNews,0.0,Thu Jul 12 00:14:13 +0000 2018,0.0,1.0,0.0,"Maggie Gyllenhaal, Ryan Reynolds, and more stars rally to read mom's letter after she was separated from 2-year-old‚Ä¶ https://t.co/ogL090fqBO",14
@FoxNews,0.6124,Thu Jul 12 00:09:44 +0000 2018,0.0,0.773,0.227,"RT @FoxNewsResearch: Gauging Kavanaugh's Democratic Support

‚Ä¢2006: Four Dem Senators supported Kavanaugh for DC Court of Appeals
‚Üí 1 of th‚Ä¶",15
@FoxNews,-0.891,Thu Jul 12 00:08:51 +0000 2018,0.492,0.508,0.0,"Academy Sports manager fired weeks after intercepting gun thief suspect in Florida store, lawyer says https://t.co/bJ3oimO4So",16
@FoxNews,-0.802,Wed Jul 11 23:59:22 +0000 2018,0.286,0.714,0.0,"US Marshals served a subpoena on FBI lawyer Lisa Page, @RepGoodlatte says, threatening to hold her in contempt of C‚Ä¶ https://t.co/HHvW3uPuMr",17
@FoxNews,0.0,Wed Jul 11 23:53:02 +0000 2018,0.0,1.0,0.0,".@Nigel_Farage: ""If @realDonaldTrump meets @BorisJohnson, he's sending a signal that he wants [@theresa_may] remove‚Ä¶ https://t.co/Zsfy87ck7Z",18
@FoxNews,0.0772,Wed Jul 11 23:44:59 +0000 2018,0.0,0.936,0.064,".@Nigel_Farage on Brexit ahead of @POTUS' London visit: ""People want to control their own borders, make their own l‚Ä¶ https://t.co/p7H63HVuMO",19
@FoxNews,0.6674,Wed Jul 11 23:36:34 +0000 2018,0.115,0.564,0.321,".@USAmbUK Woody Johnson on PM @theresa_may: ""She's [a] pretty solid leader. She's got a very, very difficult hand t‚Ä¶ https://t.co/63jcznfzMz",20
@FoxNews,0.0,Wed Jul 11 23:29:47 +0000 2018,0.0,1.0,0.0,".@USAmbUK Woody Johnson on Brexit: ""It really boils down to sovereignty. If you can't control your borders, you los‚Ä¶ https://t.co/D74LFlXLdw",21
@FoxNews,0.2617,Wed Jul 11 23:26:03 +0000 2018,0.087,0.775,0.138,".@USAmbUK Woody Johnson: ""Meeting with your adversary is not necessarily a bad idea ever. Something might happen fo‚Ä¶ https://t.co/SbI7yyJfVQ",22
@FoxNews,0.3182,Wed Jul 11 23:24:20 +0000 2018,0.0,0.887,0.113,".@USAmbUK Woody Johnson: ""Some of these long term deals that have been in place...they obviously need a fresh look.‚Ä¶ https://t.co/ndqemkdQq1",23
@FoxNews,0.7343,Wed Jul 11 23:14:44 +0000 2018,0.092,0.588,0.32,"Marie Harf: ""Donald Trump is sending a signal, both to our friends, but more importantly to our adversaries like Ru‚Ä¶ https://t.co/nKOFPVNF7G",24
@FoxNews,0.0,Wed Jul 11 23:07:17 +0000 2018,0.0,1.0,0.0,President @realDonaldTrump participates in a group photo with fellow @NATO‚Äã leaders in Brussels on Wednesday.‚Ä¶ https://t.co/klAHWKE4Iu,25
@FoxNews,-0.6369,Wed Jul 11 22:56:21 +0000 2018,0.321,0.679,0.0,Tyler Perry warns about Facebook scams using his name in viral video https://t.co/70AqBIpC15,26
@FoxNews,0.0,Wed Jul 11 22:50:00 +0000 2018,0.0,1.0,0.0,COMING UP: @TheStoryFNC with @marthamaccallum is LIVE in London ahead of @POTUS‚Äô meeting with British Prime Ministe‚Ä¶ https://t.co/SU5mBNJXmi,27
@FoxNews,-0.4404,Wed Jul 11 22:47:22 +0000 2018,0.262,0.738,0.0,Texas officer narrowly avoids getting hit by car in dramatic traffic stop https://t.co/ZL6BrN2kfe,28
@FoxNews,0.0,Wed Jul 11 22:43:44 +0000 2018,0.0,1.0,0.0,".@MZHemingway: ""We have a lot of military objectives across the world. Europe is not the priority that it was in 19‚Ä¶ https://t.co/1Fl4XQD8Nc",29
@FoxNews,0.0,Wed Jul 11 22:38:23 +0000 2018,0.0,1.0,0.0,Putin and Netanyahu meet for Syria-focused talks in Moscow; Jonathan Hunt reports. #SpecialReport‚Ä¶ https://t.co/dqZB1JX8og,30
@FoxNews,-0.6369,Wed Jul 11 22:35:39 +0000 2018,0.318,0.682,0.0,"Delaware man fatally shot wife, three kids in murder-suicide https://t.co/KSY9tM13jQ",31
@FoxNews,0.4215,Wed Jul 11 22:32:33 +0000 2018,0.0,0.877,0.123,"RT @FoxNewsResearch: 2018: Among Europe's five largest economies, only the United Kingdom is meeting the #NATO guideline of spending 2% of‚Ä¶",32
@FoxNews,-0.2023,Wed Jul 11 22:30:40 +0000 2018,0.184,0.816,0.0,Armless Miami man charged with stabbing Chicago tourist https://t.co/YMBK90lxbR,33
@FoxNews,0.4019,Wed Jul 11 22:27:42 +0000 2018,0.0,0.856,0.144,".@SenatorLankford on nominating  Brett Kavanaugh: ""I think we'll have Democrat support if Republicans have enough v‚Ä¶ https://t.co/dPpatkeUdA",34
@FoxNews,0.5994,Wed Jul 11 22:21:13 +0000 2018,0.0,0.766,0.234,"Democrats are planning to challenge Brett Kavanaugh, President Trump‚Äôs nominee for the Supreme Court, when it comes‚Ä¶ https://t.co/4ZFMD3hWBV",35
@FoxNews,0.0,Wed Jul 11 22:16:44 +0000 2018,0.0,1.0,0.0,President @realDonaldTrump lambasted Germany for its dependence on Russia during the NATO Summit; @GillianHTurner r‚Ä¶ https://t.co/GSJqru0IYj,36
@FoxNews,0.0,Wed Jul 11 22:14:08 +0000 2018,0.0,1.0,0.0,".@johnrobertsFox: ""Opening the first morning of the NATO summit, President @realDonaldTrump held back nothing, ripp‚Ä¶ https://t.co/vprmqAy0Vk",37
@FoxNews,0.0,Wed Jul 11 22:12:12 +0000 2018,0.0,1.0,0.0,"WATCH: Massive dust storm rolls through the Phoenix, Arizona, area for the fourth day in a row. (Courtesy:‚Ä¶ https://t.co/g4wK8PoJxx",38
@FoxNews,-0.6808,Wed Jul 11 22:08:08 +0000 2018,0.318,0.682,0.0,"Disgraced pundit Mark Halperin feuding with ex-colleague over Trump campaign tell-all, report says https://t.co/gKoHHXiMFr",39
@FoxNews,-0.4404,Wed Jul 11 22:01:18 +0000 2018,0.244,0.756,0.0,'Jersey Shore' denied filming permit in New Jersey township. https://t.co/DdL1eAPMQ7,40
@FoxNews,0.0772,Wed Jul 11 21:56:27 +0000 2018,0.177,0.619,0.204,RT @FoxBusiness: Congress eyes truck driver shortage solution  https://t.co/2wAgWonmY1,41
@FoxNews,0.1027,Wed Jul 11 21:51:08 +0000 2018,0.096,0.789,0.114,".@KennedyNation: ""I think a lot of these [NATO] countries will be relieved when Donald Trump is no longer in office‚Ä¶ https://t.co/F2sac3njcu",42
@FoxNews,0.5574,Wed Jul 11 21:46:06 +0000 2018,0.0,0.735,0.265,Pennsylvania mom becomes community hero by feeding hungry children. #ProudAmerican https://t.co/o6bnHQgBHC,43
@FoxNews,-0.4767,Wed Jul 11 21:32:58 +0000 2018,0.268,0.596,0.136,Michigan police dog to receive donated bullet and stab preventative vest in honor of fallen officer. https://t.co/HFYQnQKuHX,44
@FoxNews,-0.4767,Wed Jul 11 21:28:19 +0000 2018,0.171,0.829,0.0,"California woman arrested after leaving 2 babies in hot car while shopping at Walmart, police say. https://t.co/hiCnI0DpPr",45
@FoxNews,-0.1531,Wed Jul 11 21:20:22 +0000 2018,0.15,0.727,0.123,"Paul Manafort getting 'VIP' treatment in prison with private cell, bathroom, phone, laptop, special counsel says. (‚Ä¶ https://t.co/uwf6QPtVhU",46
@FoxNews,0.128,Wed Jul 11 21:15:35 +0000 2018,0.0,0.897,0.103,".@newtgingrich: #Trump Spoke 'Truth' About NATO Defense Spending, Some Members at 'Pathetic' Levels. https://t.co/s7ppXoT2mR",47
@FoxNews,0.3612,Wed Jul 11 21:11:43 +0000 2018,0.0,0.828,0.172,Papa John's ex-CEO apologizes for using racial slur in May conference call. https://t.co/WoOe8zykmZ,48
@FoxNews,-0.6369,Wed Jul 11 21:05:00 +0000 2018,0.234,0.766,0.0,"On track for a full recovery after being critically injured in a head-on collision last month, South Carolina GOP c‚Ä¶ https://t.co/oL7gXFWEq3",49
@FoxNews,0.5574,Wed Jul 11 20:54:52 +0000 2018,0.0,0.735,0.265,Pennsylvania mom becomes community hero by feeding hungry children #ProudAmerican https://t.co/TbA71AhL0q,50
@FoxNews,-0.2732,Wed Jul 11 20:49:05 +0000 2018,0.134,0.783,0.083,"Look what she made them do: Rumored Taylor Swift visit leads Capitol Hill interns, media on frantic search https://t.co/5r4zQgKckQ",51
@FoxNews,-0.4939,Wed Jul 11 20:43:19 +0000 2018,0.244,0.756,0.0,"Parkland massacre suspect Nikolas Cruz spoke of shooting school after being expelled, woman claims https://t.co/YQ8diUJ9bq",52
@FoxNews,-0.3182,Wed Jul 11 20:41:47 +0000 2018,0.173,0.827,0.0,BREAKING: Croatia defeats England to advance to #WorldCup final against France. https://t.co/7uhkhGM3B6,53
@FoxNews,0.0,Wed Jul 11 20:38:47 +0000 2018,0.0,1.0,0.0,".@PatToomey on tariffs: ""Protectionism leads to higher costs, fewer options for consumers and fewer jobs for Americ‚Ä¶ https://t.co/Y1y4GuYuH0",54
@FoxNews,0.0,Wed Jul 11 20:35:07 +0000 2018,0.0,1.0,0.0,".@KarlRove on 2018 midterms: ""The race for the House is a coin flip that's gonna depend upon the quality of local c‚Ä¶ https://t.co/3DgM7Ycsbs",55
@FoxNews,0.4019,Wed Jul 11 20:31:29 +0000 2018,0.0,0.816,0.184,".@KarlRove: ""Midterm elections are rarely waves benefiting the party in power."" @TeamCavuto https://t.co/17sysvP3bD",56
@FoxNews,0.4019,Wed Jul 11 20:29:11 +0000 2018,0.187,0.562,0.251,".@KarlRove: ""Supreme Court battles tend to energize each party's base. The difficulty for the Democrats is they wer‚Ä¶ https://t.co/VXp01NST91",57
@FoxNews,0.5267,Wed Jul 11 20:23:25 +0000 2018,0.0,0.861,0.139,"RT @FoxBusiness: AT THE CLOSE: The Dow Jones Industrial Average, S&amp;P 500, and Nasdaq snap a 4-day winning streak on renewed trade tension.‚Ä¶",58
@FoxNews,0.0,Wed Jul 11 20:23:05 +0000 2018,0.0,1.0,0.0,"Lisa Page does not appear for Capitol Hill interview despite subpoena, attorney says; Catherine Herridge reports.‚Ä¶ https://t.co/wUzesuMTgf",59
@FoxNews,0.6249,Wed Jul 11 20:15:18 +0000 2018,0.0,0.76,0.24,".@PeteHegseth: ""[President @realDonaldTrump] is trying to make the NATO Alliance great again."" @TeamCavuto‚Ä¶ https://t.co/a7K1aUG2hD",60
@FoxNews,0.5106,Wed Jul 11 20:11:37 +0000 2018,0.0,0.858,0.142,".@johnrobertsFox: ""NATO does appear at least after day one of the summit, to be on a strong footing and perhaps an‚Ä¶ https://t.co/uHZsPnxqyn",61
@FoxNews,0.4246,Wed Jul 11 19:59:25 +0000 2018,0.0,0.797,0.203,"RT @FoxBusiness: EXCLUSIVE: Justice Dept. decided to appeal AT&amp;T case, but getting resistance from Solicitor General  https://t.co/NhhkR8tt‚Ä¶",62
@FoxNews,-0.4588,Wed Jul 11 19:58:23 +0000 2018,0.2,0.8,0.0,"Border Patrol agents attacked with rocks while rescuing pregnant woman, officials say. https://t.co/uEKxr8Hi9u",63
@FoxNews,-0.4767,Wed Jul 11 19:49:00 +0000 2018,0.237,0.763,0.0,Liberals attack Brett Kavanaugh for 'frat boy' name. (via @AlexPappas) https://t.co/URFfEr40uj,64
@FoxNews,-0.5267,Wed Jul 11 19:41:00 +0000 2018,0.195,0.805,0.0,"OPINION: Schumer, Booker, others are lying about Kavanaugh to keep him off the Court. https://t.co/84NK4WCt8A",65
@FoxNews,0.4939,Wed Jul 11 19:35:00 +0000 2018,0.0,0.704,0.296,NATO pledges to boost defense spending after stern words from @POTUS. https://t.co/bx9BydlIWM,66
@FoxNews,0.0,Wed Jul 11 19:30:00 +0000 2018,0.0,1.0,0.0,TONIGHT: @TheStoryFNC with @marthamaccallum is LIVE in London ahead of @POTUS‚Äô meeting with British Prime Minister‚Ä¶ https://t.co/GQpGIFK6sG,67
@FoxNews,-0.7579,Wed Jul 11 19:23:23 +0000 2018,0.419,0.581,0.0,"Haiti riots caused American missionaries to fear for their lives.
https://t.co/DEcxwXJrU6",68
@FoxNews,-0.5859,Wed Jul 11 19:09:43 +0000 2018,0.192,0.808,0.0,.@RepGoodlatte: Lisa Page Will Be Held in Contempt of Congress If She Doesn't Comply With Subpoena. https://t.co/Bblfv6XeJJ,69
@FoxNews,0.0,Wed Jul 11 19:02:11 +0000 2018,0.0,1.0,0.0,Earliest evidence of our human ancestors outside of Africa found https://t.co/0Q5ErasYy9,70
@FoxNews,0.4404,Wed Jul 11 18:58:59 +0000 2018,0.0,0.873,0.127,".@marcorubio: ""NATO's still a good idea. It has to be modernized. It has a new purpose and a new meaning in the 21s‚Ä¶ https://t.co/0SGLkQStnX",71
@FoxNews,-0.2732,Wed Jul 11 18:54:19 +0000 2018,0.16,0.84,0.0,NYC mayor @BilldeBlasio disputes Border Protection allegations he crossed border illegally https://t.co/kCDOWIp2Dt,72
@FoxNews,0.5719,Wed Jul 11 18:46:01 +0000 2018,0.0,0.829,0.171,"Justin Walker on Kavanaugh nomination: ""I think open-minded people are gonna find somebody that they're happy to su‚Ä¶ https://t.co/McuvqbopiQ",73
@FoxNews,0.0,Wed Jul 11 18:43:29 +0000 2018,0.0,1.0,0.0,".@brianefallon on Kavanaugh nomination: ""This is a seat that will decide the direction of the court for the next 40‚Ä¶ https://t.co/sqODeMnGm1",74
@FoxNews,0.4215,Wed Jul 11 18:37:01 +0000 2018,0.0,0.859,0.141,Rescued soccer players are recovering in the hospital after more than two weeks in a cave in Thailand;‚Ä¶ https://t.co/kRJwcihTEB,75
@FoxNews,0.0,Wed Jul 11 18:29:29 +0000 2018,0.0,1.0,0.0,".@mschlapp on Brett Kavanaugh: ""He wants to represent the words of the Constitution and interpret them appropriatel‚Ä¶ https://t.co/HVW34HMgok",76
@FoxNews,-0.4404,Wed Jul 11 18:25:16 +0000 2018,0.139,0.861,0.0,GOP candidate Katie Arrington back to campaign trail after car wreck: 'You just can‚Äôt break me' (via @brookefoxnews) https://t.co/9pLCYQvrkc,77
@FoxNews,0.0,Wed Jul 11 18:19:56 +0000 2018,0.0,1.0,0.0,"Papa John‚Äôs ex-CEO used racial slur on May conference call, report claims https://t.co/Ft0f4HYt3p",78
@FoxNews,0.0,Wed Jul 11 18:00:44 +0000 2018,0.0,1.0,0.0,Former ICE Director: Dems Pushing to Abolish ICE Are Misinforming Americans https://t.co/n7qBCz5oV9,79
@FoxNews,0.0,Wed Jul 11 17:42:40 +0000 2018,0.0,1.0,0.0,.@POTUS takes part in ‚Äúfamily photo‚Äù with NATO leaders https://t.co/mCnTA2MEpo,80
@FoxNews,0.296,Wed Jul 11 17:41:39 +0000 2018,0.0,0.872,0.128,"Paralyzed hockey player Jack Jablonski wiggles toes for first time in 7 years, shares 'shocking' video https://t.co/zip0IjmTpw",81
@FoxNews,0.3182,Wed Jul 11 16:54:34 +0000 2018,0.0,0.859,0.141,Tom Homan: ‚ÄúICE protects your communities and we‚Äôre going to do it without apology.‚Äù https://t.co/T3WPfR8LHx,82
@FoxNews,0.0,Wed Jul 11 16:47:41 +0000 2018,0.0,1.0,0.0,Border Protection says NYC mayor de Blasio crossed border illegally https://t.co/C2BIvoPSiG,83
@FoxNews,0.3947,Wed Jul 11 16:40:27 +0000 2018,0.0,0.857,0.143,Tom Homan: ‚ÄúNo president has done more for border security and law enforcement than President Trump.‚Äù https://t.co/j76kDcm5YP,84
@FoxNews,-0.7964,Wed Jul 11 16:25:45 +0000 2018,0.47,0.53,0.0,"North Dakota tornado kills newborn, destroys over 100 structures https://t.co/qRPkn3PDrv",85
@FoxNews,0.0,Wed Jul 11 16:17:46 +0000 2018,0.0,1.0,0.0,A mini horse was found on a Japanese rooftop three days after disappearing https://t.co/60IMNchGmC,86
@FoxNews,0.3338,Wed Jul 11 16:08:34 +0000 2018,0.0,0.771,0.229,".@marykissel: ""NATO is a very, very important alliance."" @AmericaNewsroom https://t.co/zg15QwnIwb",87
@FoxNews,0.0,Wed Jul 11 16:05:33 +0000 2018,0.0,1.0,0.0,RT @FoxBusiness: .@sendavidperdue spoke to Fox Business about @POTUS' preparation of an additional $200B in tariffs on Chinese goods. https‚Ä¶,88
@FoxNews,0.0,Wed Jul 11 16:05:08 +0000 2018,0.0,1.0,0.0,RT @FoxBusiness: Chinese agricultural tariffs will be ‚Äòcatastrophic‚Äô to farmers: @ChuckGrassley https://t.co/VoCaZVtSw5,89
@FoxNews,0.0,Wed Jul 11 16:02:55 +0000 2018,0.0,1.0,0.0,"Instagram model, 19, bitten by shark while taking photos in Bahamas https://t.co/65nP8ME2Ji",90
@FoxNews,0.5256,Wed Jul 11 15:51:57 +0000 2018,0.0,0.816,0.184,"Schumer: 'Trump Should Not Meet With Putin Alone,' Is More Loyal to Russia Than NATO https://t.co/5sAQpJZEvD",91
@FoxNews,0.3182,Wed Jul 11 15:44:55 +0000 2018,0.0,0.897,0.103,Mary Kissel: ‚ÄúI think it‚Äôs refreshing to hear a U.S. president actually tell the truth about what‚Äôs going on in NAT‚Ä¶ https://t.co/Fer5fbAnTv,92
@FoxNews,-0.34,Wed Jul 11 15:37:13 +0000 2018,0.112,0.888,0.0,Photo of the Day: Part of a rainbow was seen as authorities worked to extinguish a junkyard fire in the Kensington‚Ä¶ https://t.co/WikzEaMi1w,93
@FoxNews,0.0,Wed Jul 11 15:35:07 +0000 2018,0.0,1.0,0.0,TONIGHT: @TheStoryFNC with @marthamaccallum is LIVE in London ahead of @POTUS‚Äô meeting with British Prime Minister‚Ä¶ https://t.co/MN2xnBkCgN,94
@FoxNews,0.0,Wed Jul 11 15:28:31 +0000 2018,0.0,1.0,0.0,Incredible video shows 4-mile iceberg breaking in Greenland (via @christocarbone) https://t.co/Ga3wPp5MMP,95
@FoxNews,-0.836,Wed Jul 11 15:27:09 +0000 2018,0.361,0.639,0.0,"LeSean 'Shady' McCoy's ex-girlfriend alleges star running back was behind brutal home invasion, assault (via‚Ä¶ https://t.co/mFIZT6HE6y",96
@FoxNews,0.5859,Wed Jul 11 15:22:29 +0000 2018,0.0,0.745,0.255,"Rep. Mac Thornberry: ‚ÄúWhen Europe buys energy from Russia, they help fund Russian military aggression.‚Äù https://t.co/EBpFBMTUpD",97
@FoxNews,0.608,Wed Jul 11 15:12:19 +0000 2018,0.0,0.763,0.237,"OPINION: Thai cave rescue: Don't forget man who made ultimate sacrifice so that boys, coach could live https://t.co/aDrjFDLOwW",98
@FoxNews,0.3612,Wed Jul 11 15:03:05 +0000 2018,0.063,0.794,0.143,.@IvankaTrump: Paid family leave is an investment in America's families -- It deserves bipartisan support (via‚Ä¶ https://t.co/qVkammJLdx,99
@FoxNews,0.0,Wed Jul 11 14:55:53 +0000 2018,0.0,1.0,0.0,.@POTUS meets with French President @EmmanuelMacron https://t.co/6uaNsZYanW,100
@nytimes,-0.4215,Thu Jul 12 01:17:05 +0000 2018,0.135,0.865,0.0,RT @sangerkatz: The Trump administration is taking actions to weaken Obamacare markets. Let us count the ways. https://t.co/9Ac3zVmYsN @hae‚Ä¶,1
@nytimes,0.0,Thu Jul 12 01:02:02 +0000 2018,0.0,1.0,0.0,Evening Briefing: Here's what you need to know at the end of the day https://t.co/ascuHFaUll,2
@nytimes,-0.7717,Thu Jul 12 00:47:06 +0000 2018,0.233,0.767,0.0,New York is one of the worst places to be in need of a kidney transplant. It has the lowest rate of organ donation‚Ä¶ https://t.co/G7EeCpyRqT,3
@nytimes,-0.4389,Thu Jul 12 00:32:06 +0000 2018,0.132,0.868,0.0,"Scenes from a reunion: ‚ÄúMi amor!‚Äù Celia Del Carmen Delgado cried as she first saw her 3-year-old, Adela, after more‚Ä¶ https://t.co/Gp8z9xzCf9",4
@nytimes,0.3182,Thu Jul 12 00:17:05 +0000 2018,0.0,0.897,0.103,RT @dealbook: The founder of Papa John‚Äôs pizza apologized on Wednesday for using a racial slur to describe black people during a conference‚Ä¶,5
@nytimes,-0.765,Thu Jul 12 00:02:05 +0000 2018,0.28,0.72,0.0,"President Trump's trade war started with 18 products. The dispute now includes about 10,000. Our graphic explains h‚Ä¶ https://t.co/BEXLPITZCt",6
@nytimes,0.0,Wed Jul 11 23:47:04 +0000 2018,0.0,1.0,0.0,"Countdown to retirement: a 5-year plan
https://t.co/z5kvBt2MHA",7
@nytimes,-0.5994,Wed Jul 11 23:32:07 +0000 2018,0.236,0.699,0.066,A conservative legal group seeks to expose science fraud. But it appears to be imploding amid allegations of financ‚Ä¶ https://t.co/4v7DZKZJsq,8
@nytimes,0.9118,Wed Jul 11 23:17:02 +0000 2018,0.0,0.574,0.426,"RT @zinoman: I truly enjoyed writing this piece on Bobcat Goldthwait, a fascinating guy whose 80s standup is much better than you remember‚Ä¶",9
@nytimes,-0.3612,Wed Jul 11 23:02:04 +0000 2018,0.238,0.762,0.0,"The new toll of student debt in 3 charts
https://t.co/H2fgv6S0Ju",10
@nytimes,0.0,Wed Jul 11 22:47:04 +0000 2018,0.0,1.0,0.0,Evening Briefing: Here's what you need to know at the end of the day https://t.co/JeNkl7FsN2,11
@nytimes,-0.296,Wed Jul 11 22:32:07 +0000 2018,0.179,0.691,0.13,It‚Äôs a breakthrough that could transform HIV and cancer care: Scientists found a way to edit genes that could drama‚Ä¶ https://t.co/DcKby6sLKN,12
@nytimes,0.0,Wed Jul 11 22:17:04 +0000 2018,0.0,1.0,0.0,RT @readercenter: Several readers expressed concern with our use of the phrase ‚Äúcatch and release‚Äù in our immigration coverage. Our deputy‚Ä¶,13
@nytimes,0.4019,Wed Jul 11 22:02:09 +0000 2018,0.0,0.856,0.144,"Rod Rosenstein, the deputy attorney general, has asked federal prosecutors to help review the government documents‚Ä¶ https://t.co/7HWZoFXshg",14
@nytimes,-0.6705,Wed Jul 11 21:47:03 +0000 2018,0.184,0.816,0.0,"Cpl. Joseph Maciel, who was killed by an Afghan soldier on Saturday, was assigned to a unit meant to provide securi‚Ä¶ https://t.co/Hz6oJfw4H3",15
@nytimes,0.5574,Wed Jul 11 21:32:05 +0000 2018,0.0,0.581,0.419,"The power of positive people
https://t.co/3kkZfaewRR",16
@nytimes,0.0,Wed Jul 11 21:17:03 +0000 2018,0.0,1.0,0.0,First they took her husband‚Äôs passport and his laptop. Then they made him confess to being a spy. He is one of at l‚Ä¶ https://t.co/jBAVVpPfk5,17
@nytimes,0.0,Wed Jul 11 21:01:03 +0000 2018,0.0,1.0,0.0,RT @bxchen: I used Apple‚Äôs Screen Time to limit a teenager‚Äôs iPhone use. It worked! https://t.co/WdJpU4EV6K,18
@nytimes,0.3612,Wed Jul 11 20:46:15 +0000 2018,0.0,0.872,0.128,"And just like that, Croatia is going to the World Cup final for the first time https://t.co/mRkvKY4YZf https://t.co/JXttVQg6Kw",19
@nytimes,0.0,Wed Jul 11 20:37:29 +0000 2018,0.0,1.0,0.0,Croatia scored in extra time to beat England and advance to the World Cup final for the first time. It will face Fr‚Ä¶ https://t.co/N3qF9fOVph,20
@nytimes,-0.3182,Wed Jul 11 20:35:05 +0000 2018,0.193,0.717,0.09,"In May, Manhattanhenge was blocked by pesky clouds. This week, you might get another chance to see it. https://t.co/xGDFGZ7u7e",21
@nytimes,-0.3818,Wed Jul 11 20:24:08 +0000 2018,0.191,0.809,0.0,"Croatia: 2 
England: 1 
The Telemundo announcer is still screaming ""GOOOOOOOL""
Live updates: https://t.co/SCTD5G2l1J",22
@nytimes,0.0,Wed Jul 11 20:20:06 +0000 2018,0.0,1.0,0.0,RT @nytimesworld: Canadians told us exactly how they felt about the Trump administration's tariffs and slights against Prime Minister Trude‚Ä¶,23
@nytimes,0.128,Wed Jul 11 20:06:46 +0000 2018,0.148,0.671,0.181,RT @NYTmag: Letter of Recommendation: Refuse to clean your bedroom. https://t.co/n1fdSqVbNM https://t.co/PQ7KicjnZh,24
@nytimes,0.0,Wed Jul 11 19:50:06 +0000 2018,0.0,1.0,0.0,Here's how soap went from a household staple to a status symbol https://t.co/mAQTLhrtpo,25
@nytimes,0.0,Wed Jul 11 19:40:05 +0000 2018,0.0,1.0,0.0,"RT @anniecorreal: This family from Guatemala was reunited today in New York. It was supposed to happen yesterday, the deadline for reunitin‚Ä¶",26
@nytimes,0.0,Wed Jul 11 19:39:06 +0000 2018,0.0,1.0,0.0,RT @anniecorreal: I‚Äôm with three families who were just reunited in New York. Each family includes a child younger than 5. This is Joshua.‚Ä¶,27
@nytimes,0.0,Wed Jul 11 19:26:35 +0000 2018,0.0,1.0,0.0,"""Goooooool!"" https://t.co/g1Y2stHhYb",28
@nytimes,0.7096,Wed Jul 11 19:19:01 +0000 2018,0.0,0.796,0.204,RT @margeincharge: My original hed was ‚ÄúMen are afraid women will laugh at them. Women are afraid The Handmaid‚Äôs Tale has run out of story.‚Ä¶,29
@nytimes,0.0,Wed Jul 11 19:09:05 +0000 2018,0.0,1.0,0.0,"A quick, flavorful weeknight dinner https://t.co/eUhdTuUsrI",30
@nytimes,0.5859,Wed Jul 11 19:01:56 +0000 2018,0.0,0.78,0.22,Twitter officials credit this New York Times investigation from January as helping persuade the company to take thi‚Ä¶ https://t.co/0zL0m9efKN,31
@nytimes,-0.5358,Wed Jul 11 18:59:09 +0000 2018,0.168,0.832,0.0,"No, its not just you. Yes, World Cup players have been spitting out their drinks in dots and dashes in a kind of aq‚Ä¶ https://t.co/U6DK4XhTxM",32
@nytimes,-0.1531,Wed Jul 11 18:49:05 +0000 2018,0.071,0.929,0.0,"RT @nytimesworld: The NATO summit is supposed to be a cellphone-free zone, but it's hard to keep President Trump away from Twitter https://‚Ä¶",33
@nytimes,0.0,Wed Jul 11 18:39:03 +0000 2018,0.0,1.0,0.0,‚ÄúWhy has Oakland not been more known for film? Because there has never been the necessary market support.‚Äù https://t.co/HUjwtAIqye,34
@nytimes,0.0,Wed Jul 11 18:29:53 +0000 2018,0.0,1.0,0.0,"Call it the World Cup ""d'oh"" https://t.co/wy9S5P0Cd2 https://t.co/jpYfhfkUpl",35
@nytimes,-0.4585,Wed Jul 11 18:29:03 +0000 2018,0.15,0.85,0.0,"Croatia has never won the World Cup. This is their 5th appearance in the tournament. https://t.co/f1gJaVQOMn

Engla‚Ä¶ https://t.co/FSqESJyBGz",36
@nytimes,-0.8271,Wed Jul 11 18:19:05 +0000 2018,0.326,0.674,0.0,"""I must have said no 7 to 10 times."" On Tuesday, another woman came forward to accuse Russell Simmons of rape. https://t.co/Bc0JyyXyjn",37
@nytimes,-0.34,Wed Jul 11 18:09:03 +0000 2018,0.088,0.912,0.0,"RT @NYTMetro: Joseph Pfeifer was the first fire chief through the doors of the World Trade Center on 9/11. This week, he becomes the last o‚Ä¶",38
@nytimes,0.0,Wed Jul 11 17:59:03 +0000 2018,0.0,1.0,0.0,England and Croatia are both hungry for a trip to the World Cup final. Croatia has never made a final and England h‚Ä¶ https://t.co/Tai8iYAHsf,39
@nytimes,0.5423,Wed Jul 11 17:49:06 +0000 2018,0.104,0.633,0.262,"England hasn‚Äôt had much to celebrate lately. So this World Cup has fans going well, nuts. https://t.co/a8xMinMSUE",40
@nytimes,0.2732,Wed Jul 11 17:39:04 +0000 2018,0.0,0.896,0.104,"When a Seattle company asked to lease some of their land for a solar energy project, a Washington couple jumped at‚Ä¶ https://t.co/uvAnwtdWKT",41
@nytimes,0.6486,Wed Jul 11 17:29:05 +0000 2018,0.0,0.798,0.202,"""They took care of each other well in the cave,"" a public health official said of the 12 Thai soccer players and th‚Ä¶ https://t.co/zfKKVZ3YbH",42
@nytimes,0.0258,Wed Jul 11 17:21:07 +0000 2018,0.108,0.779,0.113,"President Trump told NATO allies to raise their military spending commitment to 4% of GDP, after criticizing them f‚Ä¶ https://t.co/yvnu7qdZ67",43
@nytimes,-0.3182,Wed Jul 11 17:19:06 +0000 2018,0.167,0.724,0.109,Croatian soccer is in a state of near-permanent chaos. They're about to play in the World Cup semifinals. https://t.co/go9sl3rh4R,44
@nytimes,-0.5574,Wed Jul 11 17:09:04 +0000 2018,0.146,0.854,0.0,"RT @christophclarey: Jana Novotna died far too young in November. But her last pupil, Barbora Krejcikova, is carrying the torch at Wimbledo‚Ä¶",45
@nytimes,0.0,Wed Jul 11 16:49:04 +0000 2018,0.0,1.0,0.0,"Apple's new parental controls worked on a teenager, but not so much on @bxchen, our tech columnist https://t.co/nrtp32SFs8",46
@nytimes,0.5574,Wed Jul 11 16:39:18 +0000 2018,0.0,0.87,0.13,RT @karenyourish: There have been only seven former Supreme Court clerks who went on to serve as justices; the current court has four of th‚Ä¶,47
@nytimes,-0.3612,Wed Jul 11 16:29:32 +0000 2018,0.122,0.878,0.0,Breaking News: Twitter plans to remove tens of millions of suspicious accounts from users' follower counts in a bid‚Ä¶ https://t.co/Jfn8WSlyAQ,48
@nytimes,0.5859,Wed Jul 11 16:25:43 +0000 2018,0.0,0.769,0.231,"RT @nickconfessore: Twitter officials credit our @nytimes investigation from January, The Follower Factory, as helping persuade the company‚Ä¶",49
@nytimes,-0.5574,Wed Jul 11 16:25:38 +0000 2018,0.187,0.813,0.0,"RT @nickconfessore: The change will begin kicking in Thursday, cutting about 6 percent of all follows on the platform. Big fake follower pu‚Ä¶",50
@nytimes,-0.8519,Wed Jul 11 16:25:34 +0000 2018,0.341,0.659,0.0,"RT @nickconfessore: NEW w/@gabrieldance: In major step to combat fake followers and social media fraud, Twitter will begin stripping tens o‚Ä¶",51
@nytimes,0.0772,Wed Jul 11 16:17:03 +0000 2018,0.0,0.939,0.061,"RT @nytopinion: NATO is a force multiplier ‚Äî proof, to anyone who challenges the Western order, that its members stand together. Why would‚Ä¶",52
@nytimes,-0.8658,Wed Jul 11 16:07:07 +0000 2018,0.469,0.531,0.0,A second suspect has been arrested in the killing of the 20-year-old rapper XXXTentacion https://t.co/EPKI5ioc2T,53
@nytimes,0.0,Wed Jul 11 15:57:04 +0000 2018,0.095,0.811,0.095,"Summer nights in the U.S. have warmed at nearly twice the rate of days, with overnight low temperatures increasing‚Ä¶ https://t.co/5Sf5qE2xju",54
@nytimes,0.0,Wed Jul 11 15:47:18 +0000 2018,0.0,1.0,0.0,"Some children didn't recognize their mothers at the court-ordered reunions of migrant families, after being separat‚Ä¶ https://t.co/QL6PNx964M",55
@nytimes,0.8225,Wed Jul 11 15:36:02 +0000 2018,0.0,0.65,0.35,Brett Kavanaugh‚Äôs nomination to the Supreme Court could help Republicans hold or expand control in the Senate ‚Äî whi‚Ä¶ https://t.co/5oDYTs8ESJ,56
@nytimes,0.5994,Wed Jul 11 15:26:04 +0000 2018,0.0,0.782,0.218,"RT @EnnisNYT: ‚ÄúParis, Texas‚Äù is a beautiful movie. @RichSandomir with NYT obit for its cinematographer https://t.co/me9MLdZG8G",57
@nytimes,-0.765,Wed Jul 11 15:16:05 +0000 2018,0.28,0.72,0.0,"President Trump's trade war started with 18 products. The dispute now includes about 10,000. Our graphic explains h‚Ä¶ https://t.co/s7s0agQnC9",58
@nytimes,0.3612,Wed Jul 11 15:06:04 +0000 2018,0.22,0.475,0.305,"Divided by angry politics, England is unified by one thing: A mad, joyous embrace of the national soccer team https://t.co/DiS7xhzD6h",59
@nytimes,0.0,Wed Jul 11 14:56:05 +0000 2018,0.0,1.0,0.0,RT @randyNYT: On the voluminous spitting at the World Cup we know you‚Äôve been wondering about ...  https://t.co/oDlw7pRlLX,60
@nytimes,0.5574,Wed Jul 11 14:46:19 +0000 2018,0.0,0.847,0.153,"For some Democrats running for the House, Trump's Supreme Court pick is a key issue. For Senators in red states, it‚Ä¶ https://t.co/WOQaw3nPvI",61
@nytimes,0.0,Wed Jul 11 14:30:34 +0000 2018,0.0,1.0,0.0,Sarah Palin says that she and one of her daughters were ‚Äúduped‚Äù into apparently appearing on Sacha Baron Cohen‚Äôs ne‚Ä¶ https://t.co/SAUurEQWoX,62
@nytimes,-0.3818,Wed Jul 11 14:18:21 +0000 2018,0.12,0.88,0.0,"RT @nytimesworld: President Trump's European trip highlights the ways he has upended American foreign policy, feuding with NATO allies and‚Ä¶",63
@nytimes,0.2144,Wed Jul 11 14:07:00 +0000 2018,0.0,0.922,0.078,"‚ÄúThey say we have support and protection in there, but the reality is different. I‚Äôm not the only one. Ask any tran‚Ä¶ https://t.co/QHXsRvb14V",64
@nytimes,0.4215,Wed Jul 11 13:57:05 +0000 2018,0.0,0.858,0.142,"RT @AndrewKramerNYT: Like ""farm to table"" for food, ""mine to market"" for diamonds is an idea that consumers want to know the origin of what‚Ä¶",65
@nytimes,0.4779,Wed Jul 11 13:47:04 +0000 2018,0.0,0.853,0.147,Brett Kavanaugh‚Äôs record provides clues about the sort of justice he would be if the Senate confirms him https://t.co/TpWsYR10En,66
@nytimes,0.0,Wed Jul 11 13:39:37 +0000 2018,0.0,1.0,0.0,Sarah Palin Says She Was ‚ÄòDuped‚Äô by Sacha Baron Cohen https://t.co/LVEWgvfpI1,67
@nytimes,0.0,Wed Jul 11 13:37:02 +0000 2018,0.0,1.0,0.0,"RT @christophclarey: At Serena Williams's request, her voluble coach Patrick Mouratoglou is not talking publicly about her at #Wimbledon: ""‚Ä¶",68
@nytimes,-0.8402,Wed Jul 11 13:17:02 +0000 2018,0.36,0.64,0.0,"Doctors worry that the boys who were trapped in a cave in Thailand could face longer-term problems, including psych‚Ä¶ https://t.co/4xzkSQqp6L",69
@nytimes,0.0,Wed Jul 11 13:07:05 +0000 2018,0.0,1.0,0.0,"RT @SherylNYT: Would Brett Kavanaugh force Donald Trump to comply with a subpoena from Robert Mueller? Perhaps not, writes @adamliptak http‚Ä¶",70
@nytimes,-0.5994,Wed Jul 11 12:57:06 +0000 2018,0.245,0.755,0.0,"How President Trump‚Äôs trade war went from 18 products to 10,000 https://t.co/ppelErmm4n https://t.co/dPpkpI2ahL",71
@nytimes,0.0,Wed Jul 11 12:56:24 +0000 2018,0.0,1.0,0.0,"Soccer Players and Their Coach Are on the Mend, Thailand Says https://t.co/Py51b1ki42",72
@nytimes,0.7906,Wed Jul 11 12:47:06 +0000 2018,0.0,0.708,0.292,"""Everybody loves this story,"" Stephen Colbert said of the Thai cave rescue. ""Are you listening, Mr. President? Free‚Ä¶ https://t.co/khCaRBM21d",73
@nytimes,-0.2732,Wed Jul 11 12:38:02 +0000 2018,0.174,0.826,0.0,Reuniting and Detaining Migrant Families Pose New Mental Health Risks https://t.co/cWvnmss2kB,74
@nytimes,-0.34,Wed Jul 11 12:37:05 +0000 2018,0.138,0.862,0.0,Brett Kavanaugh once made the case for impeaching a president. He now says that was a mistake. https://t.co/w8jgP7teqI,75
@nytimes,0.0,Wed Jul 11 12:27:05 +0000 2018,0.0,1.0,0.0,Morning Briefing: Here's what you need to know to start your day https://t.co/Q97e5S4L6L,76
@nytimes,-0.2263,Wed Jul 11 12:17:02 +0000 2018,0.087,0.913,0.0,"RT @NYTScience: From @NYTOpinion: Juice contains limited nutrients and tons of sugar. In fact, one 12-ounce glass of orange juice contains‚Ä¶",77
@nytimes,0.4404,Wed Jul 11 12:02:03 +0000 2018,0.094,0.694,0.212,Several of the boys saved from a Thai cave knew hardship as refugees in Myanmar. One multilingual boy played a crit‚Ä¶ https://t.co/IRyt2h8Da8,78
@nytimes,0.0,Wed Jul 11 11:47:03 +0000 2018,0.0,1.0,0.0,Eat this by the bowl as is or toss it with cooked rice or beans for a more filling salad https://t.co/XJ6A0gP5Vs https://t.co/84rsuOS24l,79
@nytimes,-0.4404,Wed Jul 11 11:32:03 +0000 2018,0.153,0.847,0.0,"Racing against time, the surgeon injected a billion mitochondria into the baby's damaged heart muscle. Within 2 day‚Ä¶ https://t.co/alDczgC68z",80
@nytimes,0.5574,Wed Jul 11 11:17:03 +0000 2018,0.0,0.783,0.217,"From @NYTGraphics: Brett Kavanaugh followed the narrow, elite path of Supreme Court justices https://t.co/qLFc1zCEVJ",81
@nytimes,-0.6705,Wed Jul 11 11:13:58 +0000 2018,0.224,0.776,0.0,RT @nytimesworld: President Trump kicked off his NATO meetings on a contentious note. He called allies ‚Äúdelinquent‚Äù for failing to spend en‚Ä¶,82
@nytimes,-0.4215,Wed Jul 11 11:05:56 +0000 2018,0.219,0.781,0.0,"As Vote Nears, Cambodia‚Äôs Leader Has Opponents, but No Competition https://t.co/A7ipRaY5oz",83
@nytimes,0.0,Wed Jul 11 11:02:01 +0000 2018,0.0,1.0,0.0,How to watch the World Cup semifinals https://t.co/gEWBLyEM8L,84
@nytimes,0.5719,Wed Jul 11 10:32:03 +0000 2018,0.0,0.81,0.19,RT @nytimesworld: Enthusiasm for England‚Äôs national soccer team is reaching fever pitch as it prepares to face Croatia on Wednesday in its‚Ä¶,85
@nytimes,0.0,Wed Jul 11 10:29:17 +0000 2018,0.0,1.0,0.0,Fox Raises Its Bid in Sky Takeover Effort https://t.co/CjCzls4SpT,86
@nytimes,-0.4019,Wed Jul 11 10:27:04 +0000 2018,0.278,0.722,0.0,"In Pakistan, Nawaz Sharif Fights for Survival https://t.co/iGEoSPPzXg",87
@nytimes,0.7096,Wed Jul 11 10:24:32 +0000 2018,0.0,0.629,0.371,On Beauty: How to Look Well Rested (Even When You‚Äôre Not) https://t.co/mib0mvOOjI,88
@nytimes,0.5267,Wed Jul 11 10:19:48 +0000 2018,0.0,0.694,0.306,A Diamond Giant Plays Up Its Russian Ties to Appeal to Americans https://t.co/VItUirSfbQ,89
@nytimes,0.0,Wed Jul 11 10:14:59 +0000 2018,0.0,1.0,0.0,Fox Raises Its Bid in Sky Takeover Effort https://t.co/n9LuIgYocB,90
@nytimes,0.5719,Wed Jul 11 10:12:40 +0000 2018,0.0,0.778,0.222,"Nonfiction: The Urbane Bookworm: Robert Gottlieb‚Äôs Essays Celebrate Literature, Film Classics and Dance https://t.co/PQ55BfgzS9",91
@nytimes,0.0,Wed Jul 11 10:02:04 +0000 2018,0.0,1.0,0.0,The Trump administration said it was suspending a program that pays billions to insurers to stabilize insurance mar‚Ä¶ https://t.co/2MeRIArBgP,92
@nytimes,0.0,Wed Jul 11 09:32:04 +0000 2018,0.0,1.0,0.0,RT @paulkrugman: Why Theresa May is trying to achieve a soft Brexit that's hardly Brexit at all https://t.co/JHt1bveFcv,93
@nytimes,0.0,Wed Jul 11 09:11:02 +0000 2018,0.0,1.0,0.0,A Survival Guide for the Fourth Trimester https://t.co/jefc7cf3YD,94
@nytimes,0.0,Wed Jul 11 09:04:41 +0000 2018,0.0,1.0,0.0,"With Prime Day coming up, here's how our colleagues at @wirecutter, a New York Times company, are picking the best‚Ä¶ https://t.co/ITrX10agd1",95
@nytimes,-0.5423,Wed Jul 11 08:46:49 +0000 2018,0.2,0.8,0.0,Feature: Her Husband Was a Princeton Graduate Student. Then He Was Taken Prisoner in Iran. https://t.co/9hGbWLOAS1,96
@nytimes,-0.1263,Wed Jul 11 08:33:04 +0000 2018,0.113,0.795,0.092,RT @nytimesworld: The prospect that President Trump will acknowledge the annexation of Crimea is deeply worrying for other nations with lar‚Ä¶,97
@nytimes,0.6249,Wed Jul 11 08:06:41 +0000 2018,0.0,0.709,0.291,10 great last-minute summer getaways you can book in July https://t.co/fheSNhHvLx,98
@nytimes,0.2235,Wed Jul 11 07:48:39 +0000 2018,0.0,0.918,0.082,"In China, Big Brother is watching, and not hiding it. Cameras and facial recognition are being used to track, and s‚Ä¶ https://t.co/2OzrwQYYcu",99
@nytimes,0.128,Wed Jul 11 07:32:02 +0000 2018,0.106,0.766,0.128,"The law, introduced under British rule, is argued to be at odds with both precolonial India's acceptance of homosex‚Ä¶ https://t.co/IDAQKhsxib",100
